gap_type,student_id,workflow_id,department,days_elapsed,confidence,priority,leading_signal,reason,evidence
unowned_workflow_step,S0334,WF00242,Residential Life,49,High,High,handoff logged with no named owner,Handoff at Residential Life has no assigned_owner -- nobody on record is accountable for it.,"interaction_id=SI00379, interaction_type=handoff, status=pending"
uncoordinated_multi_department,S0334,"WF00242,WF00243,WF00244",Dean of Students + Financial Aid + Residential Life,49,High,High,concurrently active cases in unconnected departments,"Student has active, unresolved activity open simultaneously in 3 different departments (Dean of Students, Financial Aid, Residential Life) with no indication either department is aware of the other.","interaction_ids=SI00381,SI00379,SI00382,SI00380"
uncoordinated_multi_department,S0446,"WF00305,WF00306",Dean of Students + Residential Life,49,High,High,concurrently active cases in unconnected departments,"Student has active, unresolved activity open simultaneously in 2 different departments (Dean of Students, Residential Life) with no indication either department is aware of the other.","interaction_ids=SI00491,SI00492,SI00490"
uncoordinated_multi_department,S0640,"WF00439,WF00440,WF00441",Academic Advising + Dean of Students,49,High,High,concurrently active cases in unconnected departments,"Student has active, unresolved activity open simultaneously in 2 different departments (Academic Advising, Dean of Students) with no indication either department is aware of the other.","interaction_ids=SI00703,SI00702,SI00701,SI00700"
incomplete_or_overdue_action_plan,S0131,AP0047,Dean of Students,49,High,High,action plan overdue with no completion recorded,Action plan at Dean of Students passed its target completion date with no actual_completion_date recorded.,"plan_id=AP0047, completion_status=incomplete, completion_percentage=26"
uncoordinated_multi_department,S0455,"WF00310,WF00312",Academic Advising + Residential Life,48,High,High,concurrently active cases in unconnected departments,"Student has active, unresolved activity open simultaneously in 2 different departments (Academic Advising, Residential Life) with no indication either department is aware of the other.","interaction_ids=SI00497,SI00499,SI00500,SI00496,SI00501"
uncoordinated_multi_department,S0498,"WF00327,WF00328,WF00329",Counseling + Dean of Students,48,High,High,concurrently active cases in unconnected departments,"Student has active, unresolved activity open simultaneously in 2 different departments (Counseling, Dean of Students) with no indication either department is aware of the other.","interaction_ids=SI00531,SI00530,SI00529,SI00532,SI00533"
incomplete_or_overdue_action_plan,S0007,AP0004,Dean of Students,48,High,High,action plan overdue with no completion recorded,Action plan at Dean of Students passed its target completion date with no actual_completion_date recorded.,"plan_id=AP0004, completion_status=completed, completion_percentage=58"
incomplete_or_overdue_action_plan,S0266,AP0099,Dean of Students,48,High,High,action plan overdue with no completion recorded,Action plan at Dean of Students passed its target completion date with no actual_completion_date recorded.,"plan_id=AP0099, completion_status=incomplete, completion_percentage=16"
incomplete_or_overdue_action_plan,S0435,AP0156,Dean of Students,48,High,High,action plan overdue with no completion recorded,Action plan at Dean of Students passed its target completion date with no actual_completion_date recorded.,"plan_id=AP0156, completion_status=partially_completed, completion_percentage=44"
incomplete_or_overdue_action_plan,S0693,AP0233,Financial Aid,48,High,High,action plan overdue with no completion recorded,Action plan at Financial Aid passed its target completion date with no actual_completion_date recorded.,"plan_id=AP0233, completion_status=partially_completed, completion_percentage=80"
unowned_workflow_step,S0446,WF00305,Residential Life,47,High,High,check_in logged with no named owner,Check in at Residential Life has no assigned_owner -- nobody on record is accountable for it.,"interaction_id=SI00491, interaction_type=check_in, status=open"
uncoordinated_multi_department,S0020,"WF00014,WF00015,WF00016",Financial Aid + Residential Life,47,High,High,concurrently active cases in unconnected departments,"Student has active, unresolved activity open simultaneously in 2 different departments (Financial Aid, Residential Life) with no indication either department is aware of the other.","interaction_ids=SI00023,SI00024,SI00025"
uncoordinated_multi_department,S0081,"WF00059,WF00060",Academic Advising + Financial Aid,47,High,High,concurrently active cases in unconnected departments,"Student has active, unresolved activity open simultaneously in 2 different departments (Academic Advising, Financial Aid) with no indication either department is aware of the other.","interaction_ids=SI00092,SI00091,SI00094,SI00093"
uncoordinated_multi_department,S0122,"WF00084,WF00085,WF00086",Counseling + Dean of Students,47,High,High,concurrently active cases in unconnected departments,"Student has active, unresolved activity open simultaneously in 2 different departments (Counseling, Dean of Students) with no indication either department is aware of the other.","interaction_ids=SI00137,SI00136,SI00135,SI00138"
uncoordinated_multi_department,S0671,"WF00456,WF00457,WF00458",Dean of Students + Financial Aid,47,High,High,concurrently active cases in unconnected departments,"Student has active, unresolved activity open simultaneously in 2 different departments (Dean of Students, Financial Aid) with no indication either department is aware of the other.","interaction_ids=SI00726,SI00724,SI00727,SI00723,SI00728"
incomplete_or_overdue_action_plan,S0238,AP0088,Financial Aid,47,High,High,action plan overdue with no completion recorded,Action plan at Financial Aid passed its target completion date with no actual_completion_date recorded.,"plan_id=AP0088, completion_status=incomplete, completion_percentage=43"
incomplete_or_overdue_action_plan,S0640,AP0212,Residential Life,47,High,High,action plan overdue with no completion recorded,Action plan at Residential Life passed its target completion date with no actual_completion_date recorded.,"plan_id=AP0212, completion_status=incomplete, completion_percentage=59"
unowned_workflow_step,S0455,WF00312,Residential Life,46,High,High,check_in logged with no named owner,Check in at Residential Life has no assigned_owner -- nobody on record is accountable for it.,"interaction_id=SI00500, interaction_type=check_in, status=open"
uncoordinated_multi_department,S0539,"WF00363,WF00364",Academic Advising + Residential Life,46,High,High,concurrently active cases in unconnected departments,"Student has active, unresolved activity open simultaneously in 2 different departments (Academic Advising, Residential Life) with no indication either department is aware of the other.","interaction_ids=SI00590,SI00591,SI00592"
incomplete_or_overdue_action_plan,S0108,AP0038,Dean of Students,46,High,High,action plan overdue with no completion recorded,Action plan at Dean of Students passed its target completion date with no actual_completion_date recorded.,"plan_id=AP0038, completion_status=incomplete, completion_percentage=4"
incomplete_or_overdue_action_plan,S0143,AP0051,Dean of Students,46,High,High,action plan overdue with no completion recorded,Action plan at Dean of Students passed its target completion date with no actual_completion_date recorded.,"plan_id=AP0051, completion_status=incomplete, completion_percentage=0"
incomplete_or_overdue_action_plan,S0160,AP0057,Financial Aid,46,High,High,action plan overdue with no completion recorded,Action plan at Financial Aid passed its target completion date with no actual_completion_date recorded.,"plan_id=AP0057, completion_status=incomplete, completion_percentage=0"
incomplete_or_overdue_action_plan,S0411,AP0146,Financial Aid,46,High,High,action plan overdue with no completion recorded,Action plan at Financial Aid passed its target completion date with no actual_completion_date recorded.,"plan_id=AP0146, completion_status=partially_completed, completion_percentage=23"
incomplete_or_overdue_action_plan,S0446,AP0160,Dean of Students,46,High,High,action plan overdue with no completion recorded,Action plan at Dean of Students passed its target completion date with no actual_completion_date recorded.,"plan_id=AP0160, completion_status=incomplete, completion_percentage=4"
uncoordinated_multi_department,S0297,"WF00217,WF00218",Academic Advising + Financial Aid,45,High,High,concurrently active cases in unconnected departments,"Student has active, unresolved activity open simultaneously in 2 different departments (Academic Advising, Financial Aid) with no indication either department is aware of the other.","interaction_ids=SI00341,SI00342,SI00343,SI00340,SI00339"
uncoordinated_multi_department,S0322,"WF00233,WF00234",Counseling + Dean of Students,45,High,High,concurrently active cases in unconnected departments,"Student has active, unresolved activity open simultaneously in 2 different departments (Counseling, Dean of Students) with no indication either department is aware of the other.","interaction_ids=SI00365,SI00362,SI00366,SI00364,SI00363"
stale_open_referral,S0455,WF00312,Residential Life,44,High,High,referral open past the configured threshold,"Referral opened 44 days ago at Residential Life is still open, past the 21-day threshold.","interaction_id=SI00501, status=open, owner=none"
unowned_workflow_step,S0455,WF00312,Residential Life,44,High,High,referral logged with no named owner,Referral at Residential Life has no assigned_owner -- nobody on record is accountable for it.,"interaction_id=SI00501, interaction_type=referral, status=open"
stale_open_referral,S0108,WF00077,Financial Aid,43,High,High,referral open past the configured threshold,"Referral opened 43 days ago at Financial Aid is still open, past the 21-day threshold.","interaction_id=SI00123, status=pending, owner=none"
unowned_workflow_step,S0108,WF00077,Financial Aid,43,High,High,referral logged with no named owner,Referral at Financial Aid has no assigned_owner -- nobody on record is accountable for it.,"interaction_id=SI00123, interaction_type=referral, status=pending"
unowned_workflow_step,S0684,WF00470,Dean of Students,42,High,High,check_in logged with no named owner,Check in at Dean of Students has no assigned_owner -- nobody on record is accountable for it.,"interaction_id=SI00747, interaction_type=check_in, status=open"
uncoordinated_multi_department,S0239,"WF00176,WF00177,WF00178",Counseling + Financial Aid,42,High,High,concurrently active cases in unconnected departments,"Student has active, unresolved activity open simultaneously in 2 different departments (Counseling, Financial Aid) with no indication either department is aware of the other.","interaction_ids=SI00269,SI00266,SI00267,SI00270,SI00268"
uncoordinated_multi_department,S0246,"WF00179,WF00180",Academic Advising + Counseling,42,High,High,concurrently active cases in unconnected departments,"Student has active, unresolved activity open simultaneously in 2 different departments (Academic Advising, Counseling) with no indication either department is aware of the other.","interaction_ids=SI00272,SI00273,SI00274,SI00271"
uncoordinated_multi_department,S0684,"WF00470,WF00471",Dean of Students + Financial Aid,42,High,High,concurrently active cases in unconnected departments,"Student has active, unresolved activity open simultaneously in 2 different departments (Dean of Students, Financial Aid) with no indication either department is aware of the other.","interaction_ids=SI00749,SI00748,SI00747"
incomplete_or_overdue_action_plan,S0015,AP0008,Dean of Students,42,High,High,action plan overdue with no completion recorded,Action plan at Dean of Students passed its target completion date with no actual_completion_date recorded.,"plan_id=AP0008, completion_status=incomplete, completion_percentage=31"
incomplete_or_overdue_action_plan,S0027,AP0014,Financial Aid,42,High,High,action plan overdue with no completion recorded,Action plan at Financial Aid passed its target completion date with no actual_completion_date recorded.,"plan_id=AP0014, completion_status=partially_completed, completion_percentage=23"
incomplete_or_overdue_action_plan,S0217,AP0076,Residential Life,42,High,High,action plan overdue with no completion recorded,Action plan at Residential Life passed its target completion date with no actual_completion_date recorded.,"plan_id=AP0076, completion_status=incomplete, completion_percentage=34"
incomplete_or_overdue_action_plan,S0322,AP0119,Financial Aid,42,High,High,action plan overdue with no completion recorded,Action plan at Financial Aid passed its target completion date with no actual_completion_date recorded.,"plan_id=AP0119, completion_status=partially_completed, completion_percentage=51"
incomplete_or_overdue_action_plan,S0602,AP0199,Dean of Students,42,High,High,action plan overdue with no completion recorded,Action plan at Dean of Students passed its target completion date with no actual_completion_date recorded.,"plan_id=AP0199, completion_status=partially_completed, completion_percentage=55"
stale_open_referral,S0225,WF00168,Dean of Students,41,High,High,referral open past the configured threshold,"Referral opened 41 days ago at Dean of Students is still open, past the 21-day threshold.","interaction_id=SI00254, status=open, owner=none"
stale_open_referral,S0555,WF00377,Residential Life,41,High,High,referral open past the configured threshold,"Referral opened 41 days ago at Residential Life is still open, past the 21-day threshold.","interaction_id=SI00615, status=open, owner=none"
unowned_workflow_step,S0225,WF00168,Dean of Students,41,High,High,referral logged with no named owner,Referral at Dean of Students has no assigned_owner -- nobody on record is accountable for it.,"interaction_id=SI00254, interaction_type=referral, status=open"
unowned_workflow_step,S0239,WF00178,Financial Aid,41,High,High,handoff logged with no named owner,Handoff at Financial Aid has no assigned_owner -- nobody on record is accountable for it.,"interaction_id=SI00269, interaction_type=handoff, status=open"
unowned_workflow_step,S0297,WF00218,Financial Aid,41,High,High,check_in logged with no named owner,Check in at Financial Aid has no assigned_owner -- nobody on record is accountable for it.,"interaction_id=SI00343, interaction_type=check_in, status=open"
unowned_workflow_step,S0555,WF00377,Residential Life,41,High,High,referral logged with no named owner,Referral at Residential Life has no assigned_owner -- nobody on record is accountable for it.,"interaction_id=SI00615, interaction_type=referral, status=open"
uncoordinated_multi_department,S0225,"WF00167,WF00168,WF00169",Dean of Students + Financial Aid,41,High,High,concurrently active cases in unconnected departments,"Student has active, unresolved activity open simultaneously in 2 different departments (Dean of Students, Financial Aid) with no indication either department is aware of the other.","interaction_ids=SI00254,SI00253,SI00255"
uncoordinated_multi_department,S0555,"WF00375,WF00377",Counseling + Residential Life,41,High,High,concurrently active cases in unconnected departments,"Student has active, unresolved activity open simultaneously in 2 different departments (Counseling, Residential Life) with no indication either department is aware of the other.","interaction_ids=SI00612,SI00615,SI00613"
incomplete_or_overdue_action_plan,S0035,AP0017,Financial Aid,41,High,High,action plan overdue with no completion recorded,Action plan at Financial Aid passed its target completion date with no actual_completion_date recorded.,"plan_id=AP0017, completion_status=partially_completed, completion_percentage=59"
incomplete_or_overdue_action_plan,S0248,AP0094,Dean of Students,41,High,High,action plan overdue with no completion recorded,Action plan at Dean of Students passed its target completion date with no actual_completion_date recorded.,"plan_id=AP0094, completion_status=incomplete, completion_percentage=2"
incomplete_or_overdue_action_plan,S0595,AP0196,Residential Life,41,High,High,action plan overdue with no completion recorded,Action plan at Residential Life passed its target completion date with no actual_completion_date recorded.,"plan_id=AP0196, completion_status=partially_completed, completion_percentage=64"
incomplete_or_overdue_action_plan,S0676,AP0225,Dean of Students,41,High,High,action plan overdue with no completion recorded,Action plan at Dean of Students passed its target completion date with no actual_completion_date recorded.,"plan_id=AP0225, completion_status=partially_completed, completion_percentage=31"
incomplete_or_overdue_action_plan,S0684,AP0230,Dean of Students,41,High,High,action plan overdue with no completion recorded,Action plan at Dean of Students passed its target completion date with no actual_completion_date recorded.,"plan_id=AP0230, completion_status=incomplete, completion_percentage=3"
unowned_workflow_step,S0684,WF00470,Dean of Students,40,High,High,check_in logged with no named owner,Check in at Dean of Students has no assigned_owner -- nobody on record is accountable for it.,"interaction_id=SI00748, interaction_type=check_in, status=open"
incomplete_or_overdue_action_plan,S0657,AP0219,Residential Life,40,High,High,action plan overdue with no completion recorded,Action plan at Residential Life passed its target completion date with no actual_completion_date recorded.,"plan_id=AP0219, completion_status=partially_completed, completion_percentage=40"
stale_open_referral,S0385,WF00276,Financial Aid,39,High,High,referral open past the configured threshold,"Referral opened 39 days ago at Financial Aid is still open, past the 21-day threshold.","interaction_id=SI00434, status=open, owner=none"
unowned_workflow_step,S0385,WF00276,Financial Aid,39,High,High,referral logged with no named owner,Referral at Financial Aid has no assigned_owner -- nobody on record is accountable for it.,"interaction_id=SI00434, interaction_type=referral, status=open"
unowned_workflow_step,S0148,WF00102,Residential Life,39,High,High,check_in logged with no named owner,Check in at Residential Life has no assigned_owner -- nobody on record is accountable for it.,"interaction_id=SI00157, interaction_type=check_in, status=open"
uncoordinated_multi_department,S0148,"WF00101,WF00102,WF00103",Academic Advising + Dean of Students + Residential Life,39,High,High,concurrently active cases in unconnected departments,"Student has active, unresolved activity open simultaneously in 3 different departments (Academic Advising, Dean of Students, Residential Life) with no indication either department is aware of the other.","interaction_ids=SI00158,SI00156,SI00157,SI00155"
uncoordinated_multi_department,S0256,"WF00186,WF00188",Academic Advising + Dean of Students,39,High,High,concurrently active cases in unconnected departments,"Student has active, unresolved activity open simultaneously in 2 different departments (Academic Advising, Dean of Students) with no indication either department is aware of the other.","interaction_ids=SI00287,SI00284"
uncoordinated_multi_department,S0385,"WF00274,WF00276",Academic Advising + Financial Aid,39,High,High,concurrently active cases in unconnected departments,"Student has active, unresolved activity open simultaneously in 2 different departments (Academic Advising, Financial Aid) with no indication either department is aware of the other.","interaction_ids=SI00434,SI00430,SI00431,SI00429"
uncoordinated_multi_department,S0515,"WF00339,WF00340",Financial Aid + Residential Life,39,High,High,concurrently active cases in unconnected departments,"Student has active, unresolved activity open simultaneously in 2 different departments (Financial Aid, Residential Life) with no indication either department is aware of the other.","interaction_ids=SI00552,SI00551,SI00554,SI00553"
incomplete_or_overdue_action_plan,S0348,AP0127,Residential Life,39,High,High,action plan overdue with no completion recorded,Action plan at Residential Life passed its target completion date with no actual_completion_date recorded.,"plan_id=AP0127, completion_status=partially_completed, completion_percentage=70"
unowned_workflow_step,S0020,WF00015,Residential Life,38,High,High,handoff logged with no named owner,Handoff at Residential Life has no assigned_owner -- nobody on record is accountable for it.,"interaction_id=SI00024, interaction_type=handoff, status=open"
incomplete_or_overdue_action_plan,S0211,AP0073,Residential Life,38,High,High,action plan overdue with no completion recorded,Action plan at Residential Life passed its target completion date with no actual_completion_date recorded.,"plan_id=AP0073, completion_status=incomplete, completion_percentage=35"
incomplete_or_overdue_action_plan,S0365,AP0135,Dean of Students,38,High,High,action plan overdue with no completion recorded,Action plan at Dean of Students passed its target completion date with no actual_completion_date recorded.,"plan_id=AP0135, completion_status=incomplete, completion_percentage=49"
uncoordinated_multi_department,S0537,"WF00361,WF00362",Counseling + Financial Aid,35,High,High,concurrently active cases in unconnected departments,"Student has active, unresolved activity open simultaneously in 2 different departments (Counseling, Financial Aid) with no indication either department is aware of the other.","interaction_ids=SI00587,SI00589,SI00588"
incomplete_or_overdue_action_plan,S0056,AP0022,Dean of Students,35,High,High,action plan overdue with no completion recorded,Action plan at Dean of Students passed its target completion date with no actual_completion_date recorded.,"plan_id=AP0022, completion_status=incomplete, completion_percentage=10"
incomplete_or_overdue_action_plan,S0225,AP0081,Financial Aid,35,High,High,action plan overdue with no completion recorded,Action plan at Financial Aid passed its target completion date with no actual_completion_date recorded.,"plan_id=AP0081, completion_status=partially_completed, completion_percentage=45"
incomplete_or_overdue_action_plan,S0342,AP0125,Financial Aid,35,High,High,action plan overdue with no completion recorded,Action plan at Financial Aid passed its target completion date with no actual_completion_date recorded.,"plan_id=AP0125, completion_status=incomplete, completion_percentage=25"
incomplete_or_overdue_action_plan,S0352,AP0129,Financial Aid,35,High,High,action plan overdue with no completion recorded,Action plan at Financial Aid passed its target completion date with no actual_completion_date recorded.,"plan_id=AP0129, completion_status=partially_completed, completion_percentage=43"
incomplete_or_overdue_action_plan,S0664,AP0222,Dean of Students,35,High,High,action plan overdue with no completion recorded,Action plan at Dean of Students passed its target completion date with no actual_completion_date recorded.,"plan_id=AP0222, completion_status=incomplete, completion_percentage=23"
stale_open_referral,S0134,WF00091,Dean of Students,34,High,High,referral open past the configured threshold,"Referral opened 34 days ago at Dean of Students is still open, past the 21-day threshold.","interaction_id=SI00144, status=open, owner=none"
unowned_workflow_step,S0121,WF00082,Residential Life,34,High,High,handoff logged with no named owner,Handoff at Residential Life has no assigned_owner -- nobody on record is accountable for it.,"interaction_id=SI00130, interaction_type=handoff, status=open"
unowned_workflow_step,S0134,WF00091,Dean of Students,34,High,High,referral logged with no named owner,Referral at Dean of Students has no assigned_owner -- nobody on record is accountable for it.,"interaction_id=SI00144, interaction_type=referral, status=open"
uncoordinated_multi_department,S0121,"WF00082,WF00083",Financial Aid + Residential Life,34,High,High,concurrently active cases in unconnected departments,"Student has active, unresolved activity open simultaneously in 2 different departments (Financial Aid, Residential Life) with no indication either department is aware of the other.","interaction_ids=SI00130,SI00132,SI00133,SI00131,SI00134"
uncoordinated_multi_department,S0134,"WF00090,WF00091",Dean of Students + Financial Aid,34,High,High,concurrently active cases in unconnected departments,"Student has active, unresolved activity open simultaneously in 2 different departments (Dean of Students, Financial Aid) with no indication either department is aware of the other.","interaction_ids=SI00143,SI00144"
uncoordinated_multi_department,S0548,"WF00366,WF00367,WF00368",Academic Advising + Dean of Students + Residential Life,34,High,High,concurrently active cases in unconnected departments,"Student has active, unresolved activity open simultaneously in 3 different departments (Academic Advising, Dean of Students, Residential Life) with no indication either department is aware of the other.","interaction_ids=SI00597,SI00595,SI00594,SI00596,SI00598"
incomplete_or_overdue_action_plan,S0126,AP0046,Residential Life,34,High,High,action plan overdue with no completion recorded,Action plan at Residential Life passed its target completion date with no actual_completion_date recorded.,"plan_id=AP0046, completion_status=incomplete, completion_percentage=48"
incomplete_or_overdue_action_plan,S0267,AP0100,Residential Life,34,High,High,action plan overdue with no completion recorded,Action plan at Residential Life passed its target completion date with no actual_completion_date recorded.,"plan_id=AP0100, completion_status=incomplete, completion_percentage=2"
uncoordinated_multi_department,S0036,"WF00032,WF00033",Academic Advising + Financial Aid,33,High,High,concurrently active cases in unconnected departments,"Student has active, unresolved activity open simultaneously in 2 different departments (Academic Advising, Financial Aid) with no indication either department is aware of the other.","interaction_ids=SI00052,SI00053,SI00054,SI00055"
uncoordinated_multi_department,S0222,"WF00164,WF00165",Counseling + Dean of Students,33,High,High,concurrently active cases in unconnected departments,"Student has active, unresolved activity open simultaneously in 2 different departments (Counseling, Dean of Students) with no indication either department is aware of the other.","interaction_ids=SI00249,SI00247,SI00248"
uncoordinated_multi_department,S0692,"WF00478,WF00479",Financial Aid + Residential Life,33,High,High,concurrently active cases in unconnected departments,"Student has active, unresolved activity open simultaneously in 2 different departments (Financial Aid, Residential Life) with no indication either department is aware of the other.","interaction_ids=SI00758,SI00760,SI00757,SI00759"
stale_open_referral,S0692,WF00478,Residential Life,32,High,High,referral open past the configured threshold,"Referral opened 32 days ago at Residential Life is still open, past the 21-day threshold.","interaction_id=SI00758, status=open, owner=none"
unowned_workflow_step,S0692,WF00478,Residential Life,32,High,High,referral logged with no named owner,Referral at Residential Life has no assigned_owner -- nobody on record is accountable for it.,"interaction_id=SI00758, interaction_type=referral, status=open"
unowned_workflow_step,S0316,WF00230,Dean of Students,32,High,High,handoff logged with no named owner,Handoff at Dean of Students has no assigned_owner -- nobody on record is accountable for it.,"interaction_id=SI00359, interaction_type=handoff, status=pending"
unowned_workflow_step,S0081,WF00059,Financial Aid,32,High,High,check_in logged with no named owner,Check in at Financial Aid has no assigned_owner -- nobody on record is accountable for it.,"interaction_id=SI00092, interaction_type=check_in, status=open"
unowned_workflow_step,S0360,WF00257,Dean of Students,32,High,High,check_in logged with no named owner,Check in at Dean of Students has no assigned_owner -- nobody on record is accountable for it.,"interaction_id=SI00401, interaction_type=check_in, status=open"
uncoordinated_multi_department,S0273,"WF00198,WF00199",Academic Advising + Counseling,32,High,High,concurrently active cases in unconnected departments,"Student has active, unresolved activity open simultaneously in 2 different departments (Academic Advising, Counseling) with no indication either department is aware of the other.","interaction_ids=SI00306,SI00307,SI00308,SI00305"
uncoordinated_multi_department,S0360,"WF00257,WF00258",Dean of Students + Residential Life,32,High,High,concurrently active cases in unconnected departments,"Student has active, unresolved activity open simultaneously in 2 different departments (Dean of Students, Residential Life) with no indication either department is aware of the other.","interaction_ids=SI00402,SI00401,SI00403"
incomplete_or_overdue_action_plan,S0049,AP0020,Residential Life,32,High,High,action plan overdue with no completion recorded,Action plan at Residential Life passed its target completion date with no actual_completion_date recorded.,"plan_id=AP0020, completion_status=partially_completed, completion_percentage=49"
incomplete_or_overdue_action_plan,S0455,AP0162,Residential Life,32,High,High,action plan overdue with no completion recorded,Action plan at Residential Life passed its target completion date with no actual_completion_date recorded.,"plan_id=AP0162, completion_status=incomplete, completion_percentage=37"
unowned_workflow_step,S0407,WF00280,Residential Life,31,High,High,check_in logged with no named owner,Check in at Residential Life has no assigned_owner -- nobody on record is accountable for it.,"interaction_id=SI00442, interaction_type=check_in, status=open"
unowned_workflow_step,S0515,WF00339,Financial Aid,31,High,High,check_in logged with no named owner,Check in at Financial Aid has no assigned_owner -- nobody on record is accountable for it.,"interaction_id=SI00553, interaction_type=check_in, status=open"
no_later_follow_up,S0407,WF00280,Residential Life,31,High,High,check_in with nothing recorded after it,Check in at Residential Life 31 days ago has no later interaction of any kind recorded for this student since.,"interaction_id=SI00442, status=open"
uncoordinated_multi_department,S0591,"WF00405,WF00406",Academic Advising + Financial Aid,31,High,High,concurrently active cases in unconnected departments,"Student has active, unresolved activity open simultaneously in 2 different departments (Academic Advising, Financial Aid) with no indication either department is aware of the other.","interaction_ids=SI00654,SI00655"
incomplete_or_overdue_action_plan,S0084,AP0028,Financial Aid,31,High,High,action plan overdue with no completion recorded,Action plan at Financial Aid passed its target completion date with no actual_completion_date recorded.,"plan_id=AP0028, completion_status=partially_completed, completion_percentage=77"
incomplete_or_overdue_action_plan,S0034,AP0016,Residential Life,28,High,High,action plan overdue with no completion recorded,Action plan at Residential Life passed its target completion date with no actual_completion_date recorded.,"plan_id=AP0016, completion_status=partially_completed, completion_percentage=66"
incomplete_or_overdue_action_plan,S0192,AP0066,Dean of Students,28,High,High,action plan overdue with no completion recorded,Action plan at Dean of Students passed its target completion date with no actual_completion_date recorded.,"plan_id=AP0066, completion_status=incomplete, completion_percentage=36"
incomplete_or_overdue_action_plan,S0699,AP0234,Residential Life,28,High,High,action plan overdue with no completion recorded,Action plan at Residential Life passed its target completion date with no actual_completion_date recorded.,"plan_id=AP0234, completion_status=incomplete, completion_percentage=1"
uncoordinated_multi_department,S0052,"WF00040,WF00041",Academic Advising + Dean of Students,27,Medium,High,concurrently active cases in unconnected departments,"Student has active, unresolved activity open simultaneously in 2 different departments (Academic Advising, Dean of Students) with no indication either department is aware of the other.","interaction_ids=SI00065,SI00066,SI00067"
uncoordinated_multi_department,S0528,"WF00353,WF00354",Dean of Students + Financial Aid,26,Medium,High,concurrently active cases in unconnected departments,"Student has active, unresolved activity open simultaneously in 2 different departments (Dean of Students, Financial Aid) with no indication either department is aware of the other.","interaction_ids=SI00575,SI00574"
uncoordinated_multi_department,S0264,"WF00190,WF00191,WF00192",Academic Advising + Dean of Students,25,Medium,High,concurrently active cases in unconnected departments,"Student has active, unresolved activity open simultaneously in 2 different departments (Academic Advising, Dean of Students) with no indication either department is aware of the other.","interaction_ids=SI00291,SI00295,SI00293,SI00292,SI00297,SI00294,SI00290,SI00296"
uncoordinated_multi_department,S0061,"WF00047,WF00048,WF00049",Academic Advising + Counseling + Residential Life,24,Medium,High,concurrently active cases in unconnected departments,"Student has active, unresolved activity open simultaneously in 3 different departments (Academic Advising, Counseling, Residential Life) with no indication either department is aware of the other.","interaction_ids=SI00074,SI00075,SI00076,SI00073"
uncoordinated_multi_department,S0444,"WF00300,WF00301,WF00302",Academic Advising + Counseling + Dean of Students,24,Medium,High,concurrently active cases in unconnected departments,"Student has active, unresolved activity open simultaneously in 3 different departments (Academic Advising, Counseling, Dean of Students) with no indication either department is aware of the other.","interaction_ids=SI00485,SI00482,SI00480,SI00479,SI00481,SI00484,SI00483"
uncoordinated_multi_department,S0160,"WF00109,WF00110",Academic Advising + Financial Aid,20,Medium,High,concurrently active cases in unconnected departments,"Student has active, unresolved activity open simultaneously in 2 different departments (Academic Advising, Financial Aid) with no indication either department is aware of the other.","interaction_ids=SI00166,SI00167,SI00165"
uncoordinated_multi_department,S0143,"WF00098,WF00099",Counseling + Financial Aid,18,Medium,High,concurrently active cases in unconnected departments,"Student has active, unresolved activity open simultaneously in 2 different departments (Counseling, Financial Aid) with no indication either department is aware of the other.","interaction_ids=SI00152,SI00151"
uncoordinated_multi_department,S0157,"WF00107,WF00108",Dean of Students + Residential Life,18,Medium,High,concurrently active cases in unconnected departments,"Student has active, unresolved activity open simultaneously in 2 different departments (Dean of Students, Residential Life) with no indication either department is aware of the other.","interaction_ids=SI00163,SI00164"
uncoordinated_multi_department,S0238,"WF00174,WF00175",Dean of Students + Financial Aid,14,Medium,High,concurrently active cases in unconnected departments,"Student has active, unresolved activity open simultaneously in 2 different departments (Dean of Students, Financial Aid) with no indication either department is aware of the other.","interaction_ids=SI00263,SI00264,SI00265,SI00262"
uncoordinated_multi_department,S0174,"WF00118,WF00119",Counseling + Residential Life,12,Low,High,concurrently active cases in unconnected departments,"Student has active, unresolved activity open simultaneously in 2 different departments (Counseling, Residential Life) with no indication either department is aware of the other.","interaction_ids=SI00178,SI00180,SI00179"
uncoordinated_multi_department,S0574,"WF00392,WF00393,WF00394",Academic Advising + Counseling + Financial Aid,10,Low,High,concurrently active cases in unconnected departments,"Student has active, unresolved activity open simultaneously in 3 different departments (Academic Advising, Counseling, Financial Aid) with no indication either department is aware of the other.","interaction_ids=SI00638,SI00637,SI00640,SI00639"
stale_open_referral,S0640,WF00441,Academic Advising,49,High,Medium,referral open past the configured threshold,"Referral opened 49 days ago at Academic Advising is still open, past the 21-day threshold.","interaction_id=SI00703, status=open, owner=ST010"
stale_open_referral,S0557,WF00379,Academic Advising,49,High,Medium,referral open past the configured threshold,"Referral opened 49 days ago at Academic Advising is still open, past the 21-day threshold.","interaction_id=SI00617, status=open, owner=ST010"
incomplete_or_overdue_action_plan,S0322,AP0118,Counseling,49,High,Medium,action plan overdue with no completion recorded,Action plan at Counseling passed its target completion date with no actual_completion_date recorded.,"plan_id=AP0118, completion_status=incomplete, completion_percentage=59"
incomplete_or_overdue_action_plan,S0333,AP0122,Academic Advising,49,High,Medium,action plan overdue with no completion recorded,Action plan at Academic Advising passed its target completion date with no actual_completion_date recorded.,"plan_id=AP0122, completion_status=incomplete, completion_percentage=26"
incomplete_or_overdue_action_plan,S0624,AP0207,Counseling,48,High,Medium,action plan overdue with no completion recorded,Action plan at Counseling passed its target completion date with no actual_completion_date recorded.,"plan_id=AP0207, completion_status=incomplete, completion_percentage=52"
incomplete_or_overdue_action_plan,S0699,AP0235,Academic Advising,48,High,Medium,action plan overdue with no completion recorded,Action plan at Academic Advising passed its target completion date with no actual_completion_date recorded.,"plan_id=AP0235, completion_status=partially_completed, completion_percentage=34"
stale_open_referral,S0108,WF00077,Financial Aid,47,High,Medium,referral open past the configured threshold,"Referral opened 47 days ago at Financial Aid is still open, past the 21-day threshold.","interaction_id=SI00122, status=open, owner=ST012"
stale_open_referral,S0020,WF00016,Unknown,47,High,Medium,referral open past the configured threshold,"Referral opened 47 days ago at Unknown is still open, past the 21-day threshold.","interaction_id=SI00025, status=open, owner=none"
unowned_workflow_step,S0122,WF00086,Counseling,47,High,Medium,handoff logged with no named owner,Handoff at Counseling has no assigned_owner -- nobody on record is accountable for it.,"interaction_id=SI00138, interaction_type=handoff, status=open"
unowned_workflow_step,S0020,WF00016,Unknown,47,High,Medium,referral logged with no named owner,Referral at Unknown has no assigned_owner -- nobody on record is accountable for it.,"interaction_id=SI00025, interaction_type=referral, status=open"
incomplete_or_overdue_action_plan,S0202,AP0067,Academic Advising,47,High,Medium,action plan overdue with no completion recorded,Action plan at Academic Advising passed its target completion date with no actual_completion_date recorded.,"plan_id=AP0067, completion_status=incomplete, completion_percentage=23"
incomplete_or_overdue_action_plan,S0230,AP0084,Counseling,47,High,Medium,action plan overdue with no completion recorded,Action plan at Counseling passed its target completion date with no actual_completion_date recorded.,"plan_id=AP0084, completion_status=incomplete, completion_percentage=58"
incomplete_or_overdue_action_plan,S0478,AP0168,Academic Advising,47,High,Medium,action plan overdue with no completion recorded,Action plan at Academic Advising passed its target completion date with no actual_completion_date recorded.,"plan_id=AP0168, completion_status=incomplete, completion_percentage=50"
incomplete_or_overdue_action_plan,S0591,AP0194,Counseling,47,High,Medium,action plan overdue with no completion recorded,Action plan at Counseling passed its target completion date with no actual_completion_date recorded.,"plan_id=AP0194, completion_status=partially_completed, completion_percentage=26"
unowned_workflow_step,S0539,WF00363,Academic Advising,46,High,Medium,check_in logged with no named owner,Check in at Academic Advising has no assigned_owner -- nobody on record is accountable for it.,"interaction_id=SI00590, interaction_type=check_in, status=open"
incomplete_or_overdue_action_plan,S0057,AP0023,Counseling,46,High,Medium,action plan overdue with no completion recorded,Action plan at Counseling passed its target completion date with no actual_completion_date recorded.,"plan_id=AP0023, completion_status=incomplete, completion_percentage=27"
stale_open_referral,S0322,WF00234,Counseling,45,High,Medium,referral open past the configured threshold,"Referral opened 45 days ago at Counseling is still open, past the 21-day threshold.","interaction_id=SI00365, status=open, owner=none"
stale_open_referral,S0297,WF00218,Financial Aid,45,High,Medium,referral open past the configured threshold,"Referral opened 45 days ago at Financial Aid is still open, past the 21-day threshold.","interaction_id=SI00342, status=open, owner=ST011"
unowned_workflow_step,S0322,WF00234,Counseling,45,High,Medium,referral logged with no named owner,Referral at Counseling has no assigned_owner -- nobody on record is accountable for it.,"interaction_id=SI00365, interaction_type=referral, status=open"
stale_open_referral,S0246,WF00180,Counseling,42,High,Medium,referral open past the configured threshold,"Referral opened 42 days ago at Counseling is still open, past the 21-day threshold.","interaction_id=SI00272, status=open, owner=none"
stale_open_referral,S0239,WF00176,Financial Aid,42,High,Medium,referral open past the configured threshold,"Referral opened 42 days ago at Financial Aid is still open, past the 21-day threshold.","interaction_id=SI00266, status=open, owner=ST011"
stale_open_referral,S0563,WF00385,Academic Advising,42,High,Medium,referral open past the configured threshold,"Referral opened 42 days ago at Academic Advising is still open, past the 21-day threshold.","interaction_id=SI00627, status=open, owner=none"
unowned_workflow_step,S0246,WF00180,Counseling,42,High,Medium,referral logged with no named owner,Referral at Counseling has no assigned_owner -- nobody on record is accountable for it.,"interaction_id=SI00272, interaction_type=referral, status=open"
unowned_workflow_step,S0563,WF00385,Academic Advising,42,High,Medium,referral logged with no named owner,Referral at Academic Advising has no assigned_owner -- nobody on record is accountable for it.,"interaction_id=SI00627, interaction_type=referral, status=open"
incomplete_or_overdue_action_plan,S0132,AP0048,Academic Advising,42,High,Medium,action plan overdue with no completion recorded,Action plan at Academic Advising passed its target completion date with no actual_completion_date recorded.,"plan_id=AP0048, completion_status=partially_completed, completion_percentage=63"
incomplete_or_overdue_action_plan,S0238,AP0087,Counseling,41,High,Medium,action plan overdue with no completion recorded,Action plan at Counseling passed its target completion date with no actual_completion_date recorded.,"plan_id=AP0087, completion_status=partially_completed, completion_percentage=48"
stale_open_referral,S0246,WF00180,Counseling,40,High,Medium,referral open past the configured threshold,"Referral opened 40 days ago at Counseling is still open, past the 21-day threshold.","interaction_id=SI00274, status=open, owner=ST003"
incomplete_or_overdue_action_plan,S0206,AP0070,Academic Advising,40,High,Medium,action plan overdue with no completion recorded,Action plan at Academic Advising passed its target completion date with no actual_completion_date recorded.,"plan_id=AP0070, completion_status=partially_completed, completion_percentage=52"
incomplete_or_overdue_action_plan,S0581,AP0188,Academic Advising,40,High,Medium,action plan overdue with no completion recorded,Action plan at Academic Advising passed its target completion date with no actual_completion_date recorded.,"plan_id=AP0188, completion_status=partially_completed, completion_percentage=40"
stale_open_referral,S0515,WF00340,Residential Life,39,High,Medium,referral open past the configured threshold,"Referral opened 39 days ago at Residential Life is still open, past the 21-day threshold.","interaction_id=SI00554, status=open, owner=ST017"
unowned_workflow_step,S0256,WF00186,Academic Advising,39,High,Medium,handoff logged with no named owner,Handoff at Academic Advising has no assigned_owner -- nobody on record is accountable for it.,"interaction_id=SI00284, interaction_type=handoff, status=open"
incomplete_or_overdue_action_plan,S0020,AP0010,Counseling,39,High,Medium,action plan overdue with no completion recorded,Action plan at Counseling passed its target completion date with no actual_completion_date recorded.,"plan_id=AP0010, completion_status=partially_completed, completion_percentage=59"
stale_open_referral,S0246,WF00180,Counseling,38,High,Medium,referral open past the configured threshold,"Referral opened 38 days ago at Counseling is still open, past the 21-day threshold.","interaction_id=SI00273, status=open, owner=none"
unowned_workflow_step,S0246,WF00180,Counseling,38,High,Medium,referral logged with no named owner,Referral at Counseling has no assigned_owner -- nobody on record is accountable for it.,"interaction_id=SI00273, interaction_type=referral, status=open"
incomplete_or_overdue_action_plan,S0002,AP0002,Academic Advising,38,High,Medium,action plan overdue with no completion recorded,Action plan at Academic Advising passed its target completion date with no actual_completion_date recorded.,"plan_id=AP0002, completion_status=partially_completed, completion_percentage=100"
incomplete_or_overdue_action_plan,S0065,AP0026,Academic Advising,38,High,Medium,action plan overdue with no completion recorded,Action plan at Academic Advising passed its target completion date with no actual_completion_date recorded.,"plan_id=AP0026, completion_status=partially_completed, completion_percentage=23"
incomplete_or_overdue_action_plan,S0216,AP0075,Academic Advising,38,High,Medium,action plan overdue with no completion recorded,Action plan at Academic Advising passed its target completion date with no actual_completion_date recorded.,"plan_id=AP0075, completion_status=partially_completed, completion_percentage=41"
incomplete_or_overdue_action_plan,S0330,AP0121,Counseling,38,High,Medium,action plan overdue with no completion recorded,Action plan at Counseling passed its target completion date with no actual_completion_date recorded.,"plan_id=AP0121, completion_status=incomplete, completion_percentage=47"
stale_open_referral,S0640,WF00439,Academic Advising,35,High,Medium,referral open past the configured threshold,"Referral opened 35 days ago at Academic Advising is still open, past the 21-day threshold.","interaction_id=SI00700, status=open, owner=none"
unowned_workflow_step,S0537,WF00361,Counseling,35,High,Medium,check_in logged with no named owner,Check in at Counseling has no assigned_owner -- nobody on record is accountable for it.,"interaction_id=SI00587, interaction_type=check_in, status=open"
unowned_workflow_step,S0640,WF00439,Academic Advising,35,High,Medium,referral logged with no named owner,Referral at Academic Advising has no assigned_owner -- nobody on record is accountable for it.,"interaction_id=SI00700, interaction_type=referral, status=open"
incomplete_or_overdue_action_plan,S0537,AP0179,Academic Advising,35,High,Medium,action plan overdue with no completion recorded,Action plan at Academic Advising passed its target completion date with no actual_completion_date recorded.,"plan_id=AP0179, completion_status=partially_completed, completion_percentage=50"
stale_open_referral,S0548,WF00367,Academic Advising,34,High,Medium,referral open past the configured threshold,"Referral opened 34 days ago at Academic Advising is still open, past the 21-day threshold.","interaction_id=SI00596, status=open, owner=ST008"
unowned_workflow_step,S0246,WF00179,Academic Advising,34,High,Medium,check_in logged with no named owner,Check in at Academic Advising has no assigned_owner -- nobody on record is accountable for it.,"interaction_id=SI00271, interaction_type=check_in, status=pending"
incomplete_or_overdue_action_plan,S0498,AP0170,Counseling,34,High,Medium,action plan overdue with no completion recorded,Action plan at Counseling passed its target completion date with no actual_completion_date recorded.,"plan_id=AP0170, completion_status=incomplete, completion_percentage=11"
stale_open_referral,S0515,WF00339,Financial Aid,33,High,Medium,referral open past the configured threshold,"Referral opened 33 days ago at Financial Aid is still open, past the 21-day threshold.","interaction_id=SI00551, status=open, owner=ST011"
stale_open_referral,S0640,WF00439,Academic Advising,33,High,Medium,referral open past the configured threshold,"Referral opened 33 days ago at Academic Advising is still open, past the 21-day threshold.","interaction_id=SI00701, status=open, owner=none"
unowned_workflow_step,S0640,WF00439,Academic Advising,33,High,Medium,referral logged with no named owner,Referral at Academic Advising has no assigned_owner -- nobody on record is accountable for it.,"interaction_id=SI00701, interaction_type=referral, status=open"
incomplete_or_overdue_action_plan,S0009,AP0006,Academic Advising,33,High,Medium,action plan overdue with no completion recorded,Action plan at Academic Advising passed its target completion date with no actual_completion_date recorded.,"plan_id=AP0006, completion_status=partially_completed, completion_percentage=25"
stale_open_referral,S0256,WF00188,Dean of Students,32,High,Medium,referral open past the configured threshold,"Referral opened 32 days ago at Dean of Students is still open, past the 21-day threshold.","interaction_id=SI00287, status=open, owner=ST015"
stale_open_referral,S0640,WF00440,Dean of Students,32,High,Medium,referral open past the configured threshold,"Referral opened 32 days ago at Dean of Students is still open, past the 21-day threshold.","interaction_id=SI00702, status=open, owner=ST014"
no_later_follow_up,S0256,WF00188,Dean of Students,32,High,Medium,referral with nothing recorded after it,Referral at Dean of Students 32 days ago has no later interaction of any kind recorded for this student since.,"interaction_id=SI00287, status=open"
no_later_follow_up,S0640,WF00440,Dean of Students,32,High,Medium,referral with nothing recorded after it,Referral at Dean of Students 32 days ago has no later interaction of any kind recorded for this student since.,"interaction_id=SI00702, status=open"
incomplete_or_overdue_action_plan,S0582,AP0189,Academic Advising,32,High,Medium,action plan overdue with no completion recorded,Action plan at Academic Advising passed its target completion date with no actual_completion_date recorded.,"plan_id=AP0189, completion_status=incomplete, completion_percentage=60"
stale_open_referral,S0273,WF00198,Counseling,31,High,Medium,referral open past the configured threshold,"Referral opened 31 days ago at Counseling is still open, past the 21-day threshold.","interaction_id=SI00306, status=open, owner=none"
stale_open_referral,S0081,WF00059,Financial Aid,31,High,Medium,referral open past the configured threshold,"Referral opened 31 days ago at Financial Aid is still open, past the 21-day threshold.","interaction_id=SI00093, status=open, owner=ST013"
stale_open_referral,S0515,WF00339,Financial Aid,31,High,Medium,referral open past the configured threshold,"Referral opened 31 days ago at Financial Aid is still open, past the 21-day threshold.","interaction_id=SI00552, status=open, owner=ST013"
stale_open_referral,S0591,WF00406,Academic Advising,31,High,Medium,referral open past the configured threshold,"Referral opened 31 days ago at Academic Advising is still open, past the 21-day threshold.","interaction_id=SI00655, status=open, owner=ST006"
stale_open_referral,S0036,WF00033,Academic Advising,31,High,Medium,referral open past the configured threshold,"Referral opened 31 days ago at Academic Advising is still open, past the 21-day threshold.","interaction_id=SI00055, status=open, owner=none"
unowned_workflow_step,S0273,WF00198,Counseling,31,High,Medium,referral logged with no named owner,Referral at Counseling has no assigned_owner -- nobody on record is accountable for it.,"interaction_id=SI00306, interaction_type=referral, status=open"
unowned_workflow_step,S0036,WF00033,Academic Advising,31,High,Medium,referral logged with no named owner,Referral at Academic Advising has no assigned_owner -- nobody on record is accountable for it.,"interaction_id=SI00055, interaction_type=referral, status=open"
incomplete_or_overdue_action_plan,S0061,AP0025,Counseling,31,High,Medium,action plan overdue with no completion recorded,Action plan at Counseling passed its target completion date with no actual_completion_date recorded.,"plan_id=AP0025, completion_status=incomplete, completion_percentage=38"
incomplete_or_overdue_action_plan,S0224,AP0079,Academic Advising,31,High,Medium,action plan overdue with no completion recorded,Action plan at Academic Advising passed its target completion date with no actual_completion_date recorded.,"plan_id=AP0079, completion_status=partially_completed, completion_percentage=55"
incomplete_or_overdue_action_plan,S0312,AP0114,Academic Advising,31,High,Medium,action plan overdue with no completion recorded,Action plan at Academic Advising passed its target completion date with no actual_completion_date recorded.,"plan_id=AP0114, completion_status=partially_completed, completion_percentage=66"
incomplete_or_overdue_action_plan,S0617,AP0204,Academic Advising,31,High,Medium,action plan overdue with no completion recorded,Action plan at Academic Advising passed its target completion date with no actual_completion_date recorded.,"plan_id=AP0204, completion_status=incomplete, completion_percentage=57"
stale_open_referral,S0036,WF00033,Academic Advising,30,High,Medium,referral open past the configured threshold,"Referral opened 30 days ago at Academic Advising is still open, past the 21-day threshold.","interaction_id=SI00054, status=open, owner=none"
unowned_workflow_step,S0036,WF00033,Academic Advising,30,High,Medium,referral logged with no named owner,Referral at Academic Advising has no assigned_owner -- nobody on record is accountable for it.,"interaction_id=SI00054, interaction_type=referral, status=open"
unowned_workflow_step,S0555,WF00375,Counseling,30,High,Medium,handoff logged with no named owner,Handoff at Counseling has no assigned_owner -- nobody on record is accountable for it.,"interaction_id=SI00613, interaction_type=handoff, status=open"
no_later_follow_up,S0316,WF00229,Dean of Students,29,High,Medium,check_in with nothing recorded after it,Check in at Dean of Students 29 days ago has no later interaction of any kind recorded for this student since.,"interaction_id=SI00358, status=open"
incomplete_or_overdue_action_plan,S0111,AP0039,Counseling,28,High,Medium,action plan overdue with no completion recorded,Action plan at Counseling passed its target completion date with no actual_completion_date recorded.,"plan_id=AP0039, completion_status=incomplete, completion_percentage=8"
incomplete_or_overdue_action_plan,S0120,AP0042,Academic Advising,28,High,Medium,action plan overdue with no completion recorded,Action plan at Academic Advising passed its target completion date with no actual_completion_date recorded.,"plan_id=AP0042, completion_status=partially_completed, completion_percentage=37"
incomplete_or_overdue_action_plan,S0571,AP0185,Academic Advising,28,High,Medium,action plan overdue with no completion recorded,Action plan at Academic Advising passed its target completion date with no actual_completion_date recorded.,"plan_id=AP0185, completion_status=partially_completed, completion_percentage=34"
stale_open_referral,S0539,WF00364,Residential Life,27,Medium,Medium,referral open past the configured threshold,"Referral opened 27 days ago at Residential Life is still open, past the 21-day threshold.","interaction_id=SI00591, status=pending, owner=none"
unowned_workflow_step,S0027,WF00020,Academic Advising,27,High,Medium,check_in logged with no named owner,Check in at Academic Advising has no assigned_owner -- nobody on record is accountable for it.,"interaction_id=SI00032, interaction_type=check_in, status=open"
unowned_workflow_step,S0036,WF00032,Financial Aid,27,High,Medium,check_in logged with no named owner,Check in at Financial Aid has no assigned_owner -- nobody on record is accountable for it.,"interaction_id=SI00052, interaction_type=check_in, status=open"
unowned_workflow_step,S0671,WF00456,Dean of Students,27,High,Medium,check_in logged with no named owner,Check in at Dean of Students has no assigned_owner -- nobody on record is accountable for it.,"interaction_id=SI00723, interaction_type=check_in, status=open"
unowned_workflow_step,S0537,WF00362,Financial Aid,27,High,Medium,check_in logged with no named owner,Check in at Financial Aid has no assigned_owner -- nobody on record is accountable for it.,"interaction_id=SI00588, interaction_type=check_in, status=open"
unowned_workflow_step,S0539,WF00364,Residential Life,27,High,Medium,referral logged with no named owner,Referral at Residential Life has no assigned_owner -- nobody on record is accountable for it.,"interaction_id=SI00591, interaction_type=referral, status=pending"
unowned_workflow_step,S0385,WF00274,Academic Advising,27,High,Medium,handoff logged with no named owner,Handoff at Academic Advising has no assigned_owner -- nobody on record is accountable for it.,"interaction_id=SI00429, interaction_type=handoff, status=open"
no_later_follow_up,S0036,WF00032,Financial Aid,27,Medium,Medium,check_in with nothing recorded after it,Check in at Financial Aid 27 days ago has no later interaction of any kind recorded for this student since.,"interaction_id=SI00052, status=open"
incomplete_or_overdue_action_plan,S0181,AP0063,Residential Life,27,High,Medium,action plan overdue with no completion recorded,Action plan at Residential Life passed its target completion date with no actual_completion_date recorded.,"plan_id=AP0063, completion_status=incomplete, completion_percentage=25"
incomplete_or_overdue_action_plan,S0272,AP0102,Counseling,27,High,Medium,action plan overdue with no completion recorded,Action plan at Counseling passed its target completion date with no actual_completion_date recorded.,"plan_id=AP0102, completion_status=partially_completed, completion_percentage=40"
incomplete_or_overdue_action_plan,S0657,AP0220,Financial Aid,27,High,Medium,action plan overdue with no completion recorded,Action plan at Financial Aid passed its target completion date with no actual_completion_date recorded.,"plan_id=AP0220, completion_status=partially_completed, completion_percentage=62"
stale_open_referral,S0528,WF00353,Financial Aid,26,Medium,Medium,referral open past the configured threshold,"Referral opened 26 days ago at Financial Aid is still open, past the 21-day threshold.","interaction_id=SI00574, status=open, owner=none"
stale_open_referral,S0293,WF00213,Residential Life,26,Medium,Medium,referral open past the configured threshold,"Referral opened 26 days ago at Residential Life is still open, past the 21-day threshold.","interaction_id=SI00333, status=open, owner=ST016"
unowned_workflow_step,S0067,WF00054,Counseling,26,High,Medium,check_in logged with no named owner,Check in at Counseling has no assigned_owner -- nobody on record is accountable for it.,"interaction_id=SI00085, interaction_type=check_in, status=open"
unowned_workflow_step,S0052,WF00041,Dean of Students,26,High,Medium,handoff logged with no named owner,Handoff at Dean of Students has no assigned_owner -- nobody on record is accountable for it.,"interaction_id=SI00067, interaction_type=handoff, status=open"
unowned_workflow_step,S0528,WF00353,Financial Aid,26,High,Medium,referral logged with no named owner,Referral at Financial Aid has no assigned_owner -- nobody on record is accountable for it.,"interaction_id=SI00574, interaction_type=referral, status=open"
incomplete_or_overdue_action_plan,S0216,AP0074,Financial Aid,26,High,Medium,action plan overdue with no completion recorded,Action plan at Financial Aid passed its target completion date with no actual_completion_date recorded.,"plan_id=AP0074, completion_status=incomplete, completion_percentage=11"
incomplete_or_overdue_action_plan,S0303,AP0110,Counseling,26,High,Medium,action plan overdue with no completion recorded,Action plan at Counseling passed its target completion date with no actual_completion_date recorded.,"plan_id=AP0110, completion_status=partially_completed, completion_percentage=51"
incomplete_or_overdue_action_plan,S0676,AP0226,Counseling,26,High,Medium,action plan overdue with no completion recorded,Action plan at Counseling passed its target completion date with no actual_completion_date recorded.,"plan_id=AP0226, completion_status=incomplete, completion_percentage=39"
stale_open_referral,S0498,WF00328,Dean of Students,25,Medium,Medium,referral open past the configured threshold,"Referral opened 25 days ago at Dean of Students is still open, past the 21-day threshold.","interaction_id=SI00531, status=open, owner=none"
stale_open_referral,S0539,WF00364,Residential Life,25,Medium,Medium,referral open past the configured threshold,"Referral opened 25 days ago at Residential Life is still open, past the 21-day threshold.","interaction_id=SI00592, status=open, owner=ST018"
unowned_workflow_step,S0498,WF00328,Dean of Students,25,High,Medium,referral logged with no named owner,Referral at Dean of Students has no assigned_owner -- nobody on record is accountable for it.,"interaction_id=SI00531, interaction_type=referral, status=open"
unowned_workflow_step,S0411,WF00285,Counseling,25,High,Medium,check_in logged with no named owner,Check in at Counseling has no assigned_owner -- nobody on record is accountable for it.,"interaction_id=SI00450, interaction_type=check_in, status=open"
unowned_workflow_step,S0385,WF00274,Academic Advising,25,High,Medium,check_in logged with no named owner,Check in at Academic Advising has no assigned_owner -- nobody on record is accountable for it.,"interaction_id=SI00431, interaction_type=check_in, status=open"
no_later_follow_up,S0539,WF00364,Residential Life,25,Medium,Medium,referral with nothing recorded after it,Referral at Residential Life 25 days ago has no later interaction of any kind recorded for this student since.,"interaction_id=SI00592, status=open"
incomplete_or_overdue_action_plan,S0257,AP0096,Counseling,25,High,Medium,action plan overdue with no completion recorded,Action plan at Counseling passed its target completion date with no actual_completion_date recorded.,"plan_id=AP0096, completion_status=incomplete, completion_percentage=31"
incomplete_or_overdue_action_plan,S0417,AP0149,Dean of Students,25,High,Medium,action plan overdue with no completion recorded,Action plan at Dean of Students passed its target completion date with no actual_completion_date recorded.,"plan_id=AP0149, completion_status=partially_completed, completion_percentage=35"
incomplete_or_overdue_action_plan,S0599,AP0197,Counseling,25,High,Medium,action plan overdue with no completion recorded,Action plan at Counseling passed its target completion date with no actual_completion_date recorded.,"plan_id=AP0197, completion_status=incomplete, completion_percentage=35"
stale_open_referral,S0061,WF00047,Counseling,24,Medium,Medium,referral open past the configured threshold,"Referral opened 24 days ago at Counseling is still open, past the 21-day threshold.","interaction_id=SI00073, status=open, owner=none"
unowned_workflow_step,S0334,WF00244,Financial Aid,24,High,Medium,check_in logged with no named owner,Check in at Financial Aid has no assigned_owner -- nobody on record is accountable for it.,"interaction_id=SI00381, interaction_type=check_in, status=open"
unowned_workflow_step,S0563,WF00384,Academic Advising,24,High,Medium,check_in logged with no named owner,Check in at Academic Advising has no assigned_owner -- nobody on record is accountable for it.,"interaction_id=SI00626, interaction_type=check_in, status=open"
unowned_workflow_step,S0061,WF00047,Counseling,24,High,Medium,referral logged with no named owner,Referral at Counseling has no assigned_owner -- nobody on record is accountable for it.,"interaction_id=SI00073, interaction_type=referral, status=open"
no_later_follow_up,S0563,WF00384,Academic Advising,24,Medium,Medium,check_in with nothing recorded after it,Check in at Academic Advising 24 days ago has no later interaction of any kind recorded for this student since.,"interaction_id=SI00626, status=open"
incomplete_or_overdue_action_plan,S0174,AP0060,Financial Aid,24,High,Medium,action plan overdue with no completion recorded,Action plan at Financial Aid passed its target completion date with no actual_completion_date recorded.,"plan_id=AP0060, completion_status=incomplete, completion_percentage=26"
incomplete_or_overdue_action_plan,S0298,AP0109,Counseling,24,High,Medium,action plan overdue with no completion recorded,Action plan at Counseling passed its target completion date with no actual_completion_date recorded.,"plan_id=AP0109, completion_status=partially_completed, completion_percentage=42"
incomplete_or_overdue_action_plan,S0518,AP0174,Financial Aid,24,High,Medium,action plan overdue with no completion recorded,Action plan at Financial Aid passed its target completion date with no actual_completion_date recorded.,"plan_id=AP0174, completion_status=incomplete, completion_percentage=11"
incomplete_or_overdue_action_plan,S0528,AP0177,Academic Advising,24,High,Medium,action plan overdue with no completion recorded,Action plan at Academic Advising passed its target completion date with no actual_completion_date recorded.,"plan_id=AP0177, completion_status=incomplete, completion_percentage=30"
incomplete_or_overdue_action_plan,S0587,AP0191,Residential Life,24,High,Medium,action plan overdue with no completion recorded,Action plan at Residential Life passed its target completion date with no actual_completion_date recorded.,"plan_id=AP0191, completion_status=incomplete, completion_percentage=32"
incomplete_or_overdue_action_plan,S0672,AP0224,Counseling,24,High,Medium,action plan overdue with no completion recorded,Action plan at Counseling passed its target completion date with no actual_completion_date recorded.,"plan_id=AP0224, completion_status=partially_completed, completion_percentage=62"
stale_open_referral,S0671,WF00456,Dean of Students,23,Medium,Medium,referral open past the configured threshold,"Referral opened 23 days ago at Dean of Students is still open, past the 21-day threshold.","interaction_id=SI00724, status=open, owner=ST015"
no_later_follow_up,S0671,WF00456,Dean of Students,23,Medium,Medium,referral with nothing recorded after it,Referral at Dean of Students 23 days ago has no later interaction of any kind recorded for this student since.,"interaction_id=SI00724, status=open"
no_later_follow_up,S0537,WF00362,Financial Aid,23,Medium,Medium,check_in with nothing recorded after it,Check in at Financial Aid 23 days ago has no later interaction of any kind recorded for this student since.,"interaction_id=SI00589, status=open"
stale_open_referral,S0548,WF00368,Residential Life,21,Medium,Medium,referral open past the configured threshold,"Referral opened 21 days ago at Residential Life is still open, past the 21-day threshold.","interaction_id=SI00597, status=open, owner=none"
stale_open_referral,S0692,WF00479,Financial Aid,21,Medium,Medium,referral open past the configured threshold,"Referral opened 21 days ago at Financial Aid is still open, past the 21-day threshold.","interaction_id=SI00760, status=pending, owner=ST013"
stale_open_referral,S0122,WF00084,Dean of Students,21,Medium,Medium,referral open past the configured threshold,"Referral opened 21 days ago at Dean of Students is still open, past the 21-day threshold.","interaction_id=SI00135, status=open, owner=ST014"
unowned_workflow_step,S0548,WF00368,Residential Life,21,High,Medium,referral logged with no named owner,Referral at Residential Life has no assigned_owner -- nobody on record is accountable for it.,"interaction_id=SI00597, interaction_type=referral, status=open"
uncoordinated_multi_department,S0476,"WF00317,WF00318",Academic Advising + Counseling,21,Medium,Medium,concurrently active cases in unconnected departments,"Student has active, unresolved activity open simultaneously in 2 different departments (Academic Advising, Counseling) with no indication either department is aware of the other.","interaction_ids=SI00511,SI00509,SI00510,SI00508,SI00512,SI00513"
incomplete_or_overdue_action_plan,S0157,AP0055,Academic Advising,21,High,Medium,action plan overdue with no completion recorded,Action plan at Academic Advising passed its target completion date with no actual_completion_date recorded.,"plan_id=AP0055, completion_status=partially_completed, completion_percentage=51"
incomplete_or_overdue_action_plan,S0354,AP0131,Counseling,21,High,Medium,action plan overdue with no completion recorded,Action plan at Counseling passed its target completion date with no actual_completion_date recorded.,"plan_id=AP0131, completion_status=incomplete, completion_percentage=39"
unowned_workflow_step,S0061,WF00049,Academic Advising,20,High,Medium,handoff logged with no named owner,Handoff at Academic Advising has no assigned_owner -- nobody on record is accountable for it.,"interaction_id=SI00076, interaction_type=handoff, status=open"
incomplete_or_overdue_action_plan,S0239,AP0090,Counseling,20,High,Medium,action plan overdue with no completion recorded,Action plan at Counseling passed its target completion date with no actual_completion_date recorded.,"plan_id=AP0090, completion_status=incomplete, completion_percentage=39"
incomplete_or_overdue_action_plan,S0617,AP0203,Financial Aid,20,Medium,Medium,action plan marked incomplete,Action plan at Financial Aid is marked incomplete (47% complete).,"plan_id=AP0203, completion_status=incomplete, completion_percentage=47"
unowned_workflow_step,S0103,WF00070,Financial Aid,19,High,Medium,referral logged with no named owner,Referral at Financial Aid has no assigned_owner -- nobody on record is accountable for it.,"interaction_id=SI00109, interaction_type=referral, status=open"
incomplete_or_overdue_action_plan,S0205,AP0069,Dean of Students,19,High,Medium,action plan overdue with no completion recorded,Action plan at Dean of Students passed its target completion date with no actual_completion_date recorded.,"plan_id=AP0069, completion_status=incomplete, completion_percentage=55"
incomplete_or_overdue_action_plan,S0388,AP0141,Dean of Students,19,High,Medium,action plan overdue with no completion recorded,Action plan at Dean of Students passed its target completion date with no actual_completion_date recorded.,"plan_id=AP0141, completion_status=partially_completed, completion_percentage=45"
incomplete_or_overdue_action_plan,S0412,AP0147,Residential Life,19,Medium,Medium,action plan marked incomplete,Action plan at Residential Life is marked incomplete (17% complete).,"plan_id=AP0147, completion_status=incomplete, completion_percentage=17"
incomplete_or_overdue_action_plan,S0591,AP0193,Residential Life,19,Medium,Medium,action plan marked incomplete,Action plan at Residential Life is marked incomplete (8% complete).,"plan_id=AP0193, completion_status=incomplete, completion_percentage=8"
unowned_workflow_step,S0225,WF00169,Dean of Students,18,High,Medium,handoff logged with no named owner,Handoff at Dean of Students has no assigned_owner -- nobody on record is accountable for it.,"interaction_id=SI00255, interaction_type=handoff, status=open"
unowned_workflow_step,S0143,WF00099,Financial Aid,18,High,Medium,referral logged with no named owner,Referral at Financial Aid has no assigned_owner -- nobody on record is accountable for it.,"interaction_id=SI00152, interaction_type=referral, status=open"
unowned_workflow_step,S0157,WF00108,Residential Life,18,High,Medium,referral logged with no named owner,Referral at Residential Life has no assigned_owner -- nobody on record is accountable for it.,"interaction_id=SI00164, interaction_type=referral, status=open"
unowned_workflow_step,S0360,WF00258,Residential Life,18,High,Medium,referral logged with no named owner,Referral at Residential Life has no assigned_owner -- nobody on record is accountable for it.,"interaction_id=SI00403, interaction_type=referral, status=open"
no_later_follow_up,S0360,WF00258,Residential Life,18,Medium,Medium,referral with nothing recorded after it,Referral at Residential Life 18 days ago has no later interaction of any kind recorded for this student since.,"interaction_id=SI00403, status=open"
incomplete_or_overdue_action_plan,S0033,AP0015,Financial Aid,18,High,Medium,action plan overdue with no completion recorded,Action plan at Financial Aid passed its target completion date with no actual_completion_date recorded.,"plan_id=AP0015, completion_status=partially_completed, completion_percentage=50"
incomplete_or_overdue_action_plan,S0246,AP0093,Residential Life,18,Medium,Medium,action plan marked incomplete,Action plan at Residential Life is marked incomplete (54% complete).,"plan_id=AP0093, completion_status=incomplete, completion_percentage=54"
incomplete_or_overdue_action_plan,S0463,AP0164,Dean of Students,18,High,Medium,action plan overdue with no completion recorded,Action plan at Dean of Students passed its target completion date with no actual_completion_date recorded.,"plan_id=AP0164, completion_status=partially_completed, completion_percentage=59"
unowned_workflow_step,S0122,WF00085,Counseling,17,High,Medium,check_in logged with no named owner,Check in at Counseling has no assigned_owner -- nobody on record is accountable for it.,"interaction_id=SI00137, interaction_type=check_in, status=open"
unowned_workflow_step,S0548,WF00366,Dean of Students,17,High,Medium,handoff logged with no named owner,Handoff at Dean of Students has no assigned_owner -- nobody on record is accountable for it.,"interaction_id=SI00594, interaction_type=handoff, status=open"
unowned_workflow_step,S0160,WF00109,Financial Aid,17,High,Medium,referral logged with no named owner,Referral at Financial Aid has no assigned_owner -- nobody on record is accountable for it.,"interaction_id=SI00166, interaction_type=referral, status=open"
unowned_workflow_step,S0264,WF00190,Dean of Students,17,High,Medium,referral logged with no named owner,Referral at Dean of Students has no assigned_owner -- nobody on record is accountable for it.,"interaction_id=SI00292, interaction_type=referral, status=open"
unowned_workflow_step,S0264,WF00191,Dean of Students,17,High,Medium,referral logged with no named owner,Referral at Dean of Students has no assigned_owner -- nobody on record is accountable for it.,"interaction_id=SI00294, interaction_type=referral, status=open"
no_later_follow_up,S0122,WF00085,Counseling,17,Medium,Medium,check_in with nothing recorded after it,Check in at Counseling 17 days ago has no later interaction of any kind recorded for this student since.,"interaction_id=SI00137, status=open"
incomplete_or_overdue_action_plan,S0026,AP0012,Counseling,17,High,Medium,action plan overdue with no completion recorded,Action plan at Counseling passed its target completion date with no actual_completion_date recorded.,"plan_id=AP0012, completion_status=incomplete, completion_percentage=48"
incomplete_or_overdue_action_plan,S0211,AP0072,Financial Aid,17,High,Medium,action plan overdue with no completion recorded,Action plan at Financial Aid passed its target completion date with no actual_completion_date recorded.,"plan_id=AP0072, completion_status=incomplete, completion_percentage=51"
incomplete_or_overdue_action_plan,S0316,AP0116,Residential Life,17,Medium,Medium,action plan marked incomplete,Action plan at Residential Life is marked incomplete (23% complete).,"plan_id=AP0116, completion_status=incomplete, completion_percentage=23"
unowned_workflow_step,S0067,WF00053,Counseling,16,High,Medium,check_in logged with no named owner,Check in at Counseling has no assigned_owner -- nobody on record is accountable for it.,"interaction_id=SI00083, interaction_type=check_in, status=open"
unowned_workflow_step,S0067,WF00053,Counseling,16,High,Medium,referral logged with no named owner,Referral at Counseling has no assigned_owner -- nobody on record is accountable for it.,"interaction_id=SI00084, interaction_type=referral, status=open"
no_later_follow_up,S0067,WF00053,Counseling,16,Medium,Medium,check_in with nothing recorded after it,Check in at Counseling 16 days ago has no later interaction of any kind recorded for this student since.,"interaction_id=SI00083, status=open"
no_later_follow_up,S0067,WF00053,Counseling,16,Medium,Medium,referral with nothing recorded after it,Referral at Counseling 16 days ago has no later interaction of any kind recorded for this student since.,"interaction_id=SI00084, status=open"
unowned_workflow_step,S0264,WF00192,Academic Advising,15,High,Medium,referral logged with no named owner,Referral at Academic Advising has no assigned_owner -- nobody on record is accountable for it.,"interaction_id=SI00297, interaction_type=referral, status=open"
no_later_follow_up,S0264,WF00192,Academic Advising,15,Medium,Medium,referral with nothing recorded after it,Referral at Academic Advising 15 days ago has no later interaction of any kind recorded for this student since.,"interaction_id=SI00297, status=open"
unowned_workflow_step,S0052,WF00040,Academic Advising,14,High,Medium,referral logged with no named owner,Referral at Academic Advising has no assigned_owner -- nobody on record is accountable for it.,"interaction_id=SI00065, interaction_type=referral, status=open"
unowned_workflow_step,S0528,WF00354,Dean of Students,14,High,Medium,referral logged with no named owner,Referral at Dean of Students has no assigned_owner -- nobody on record is accountable for it.,"interaction_id=SI00575, interaction_type=referral, status=open"
unowned_workflow_step,S0365,WF00263,Dean of Students,14,High,Medium,referral logged with no named owner,Referral at Dean of Students has no assigned_owner -- nobody on record is accountable for it.,"interaction_id=SI00409, interaction_type=referral, status=open"
unowned_workflow_step,S0028,WF00024,Financial Aid,14,High,Medium,handoff logged with no named owner,Handoff at Financial Aid has no assigned_owner -- nobody on record is accountable for it.,"interaction_id=SI00037, interaction_type=handoff, status=open"
unowned_workflow_step,S0273,WF00199,Academic Advising,14,High,Medium,check_in logged with no named owner,Check in at Academic Advising has no assigned_owner -- nobody on record is accountable for it.,"interaction_id=SI00308, interaction_type=check_in, status=open"
no_later_follow_up,S0273,WF00199,Academic Advising,14,Medium,Medium,check_in with nothing recorded after it,Check in at Academic Advising 14 days ago has no later interaction of any kind recorded for this student since.,"interaction_id=SI00308, status=open"
incomplete_or_overdue_action_plan,S0036,AP0018,Residential Life,14,Medium,Medium,action plan marked incomplete,Action plan at Residential Life is marked incomplete (14% complete).,"plan_id=AP0018, completion_status=incomplete, completion_percentage=14"
incomplete_or_overdue_action_plan,S0122,AP0044,Dean of Students,14,Medium,Medium,action plan marked incomplete,Action plan at Dean of Students is marked incomplete (27% complete).,"plan_id=AP0044, completion_status=incomplete, completion_percentage=27"
incomplete_or_overdue_action_plan,S0181,AP0062,Dean of Students,14,Medium,Medium,action plan marked incomplete,Action plan at Dean of Students is marked incomplete (40% complete).,"plan_id=AP0062, completion_status=incomplete, completion_percentage=40"
incomplete_or_overdue_action_plan,S0217,AP0077,Counseling,14,High,Medium,action plan overdue with no completion recorded,Action plan at Counseling passed its target completion date with no actual_completion_date recorded.,"plan_id=AP0077, completion_status=incomplete, completion_percentage=14"
incomplete_or_overdue_action_plan,S0472,AP0167,Counseling,14,High,Medium,action plan overdue with no completion recorded,Action plan at Counseling passed its target completion date with no actual_completion_date recorded.,"plan_id=AP0167, completion_status=incomplete, completion_percentage=3"
unowned_workflow_step,S0157,WF00107,Dean of Students,13,Medium,Medium,check_in logged with no named owner,Check in at Dean of Students has no assigned_owner -- nobody on record is accountable for it.,"interaction_id=SI00163, interaction_type=check_in, status=open"
unowned_workflow_step,S0028,WF00024,Financial Aid,13,Medium,Medium,handoff logged with no named owner,Handoff at Financial Aid has no assigned_owner -- nobody on record is accountable for it.,"interaction_id=SI00038, interaction_type=handoff, status=open"
unowned_workflow_step,S0476,WF00318,Counseling,13,Medium,Medium,handoff logged with no named owner,Handoff at Counseling has no assigned_owner -- nobody on record is accountable for it.,"interaction_id=SI00513, interaction_type=handoff, status=pending"
unowned_workflow_step,S0444,WF00302,Counseling,13,Medium,Medium,referral logged with no named owner,Referral at Counseling has no assigned_owner -- nobody on record is accountable for it.,"interaction_id=SI00483, interaction_type=referral, status=open"
incomplete_or_overdue_action_plan,S0085,AP0029,Dean of Students,13,Medium,Medium,action plan marked incomplete,Action plan at Dean of Students is marked incomplete (7% complete).,"plan_id=AP0029, completion_status=incomplete, completion_percentage=7"
incomplete_or_overdue_action_plan,S0114,AP0040,Residential Life,13,High,Medium,action plan overdue with no completion recorded,Action plan at Residential Life passed its target completion date with no actual_completion_date recorded.,"plan_id=AP0040, completion_status=incomplete, completion_percentage=6"
incomplete_or_overdue_action_plan,S0176,AP0061,Residential Life,13,High,Medium,action plan overdue with no completion recorded,Action plan at Residential Life passed its target completion date with no actual_completion_date recorded.,"plan_id=AP0061, completion_status=partially_completed, completion_percentage=33"
incomplete_or_overdue_action_plan,S0551,AP0180,Residential Life,13,Medium,Medium,action plan marked incomplete,Action plan at Residential Life is marked incomplete (25% complete).,"plan_id=AP0180, completion_status=incomplete, completion_percentage=25"
incomplete_or_overdue_action_plan,S0590,AP0192,Residential Life,13,Medium,Medium,action plan marked incomplete,Action plan at Residential Life is marked incomplete (13% complete).,"plan_id=AP0192, completion_status=incomplete, completion_percentage=13"
unowned_workflow_step,S0444,WF00301,Academic Advising,12,Medium,Medium,handoff logged with no named owner,Handoff at Academic Advising has no assigned_owner -- nobody on record is accountable for it.,"interaction_id=SI00480, interaction_type=handoff, status=open"
unowned_workflow_step,S0143,WF00098,Counseling,12,Medium,Medium,check_in logged with no named owner,Check in at Counseling has no assigned_owner -- nobody on record is accountable for it.,"interaction_id=SI00151, interaction_type=check_in, status=open"
unowned_workflow_step,S0365,WF00263,Dean of Students,12,Medium,Medium,handoff logged with no named owner,Handoff at Dean of Students has no assigned_owner -- nobody on record is accountable for it.,"interaction_id=SI00410, interaction_type=handoff, status=open"
incomplete_or_overdue_action_plan,S0427,AP0151,Residential Life,12,Medium,Medium,action plan marked incomplete,Action plan at Residential Life is marked incomplete (37% complete).,"plan_id=AP0151, completion_status=incomplete, completion_percentage=37"
unowned_workflow_step,S0266,WF00194,Financial Aid,11,Medium,Medium,check_in logged with no named owner,Check in at Financial Aid has no assigned_owner -- nobody on record is accountable for it.,"interaction_id=SI00301, interaction_type=check_in, status=open"
unowned_workflow_step,S0174,WF00118,Counseling,11,Medium,Medium,referral logged with no named owner,Referral at Counseling has no assigned_owner -- nobody on record is accountable for it.,"interaction_id=SI00179, interaction_type=referral, status=open"
unowned_workflow_step,S0557,WF00378,Academic Advising,11,Medium,Medium,handoff logged with no named owner,Handoff at Academic Advising has no assigned_owner -- nobody on record is accountable for it.,"interaction_id=SI00616, interaction_type=handoff, status=open"
uncoordinated_multi_department,S0587,"WF00399,WF00400",Dean of Students + Residential Life,11,Low,Medium,concurrently active cases in unconnected departments,"Student has active, unresolved activity open simultaneously in 2 different departments (Dean of Students, Residential Life) with no indication either department is aware of the other.","interaction_ids=SI00648,SI00647"
incomplete_or_overdue_action_plan,S0273,AP0103,Residential Life,11,High,Medium,action plan overdue with no completion recorded,Action plan at Residential Life passed its target completion date with no actual_completion_date recorded.,"plan_id=AP0103, completion_status=incomplete, completion_percentage=22"
incomplete_or_overdue_action_plan,S0440,AP0158,Residential Life,11,Medium,Medium,action plan marked incomplete,Action plan at Residential Life is marked incomplete (49% complete).,"plan_id=AP0158, completion_status=incomplete, completion_percentage=49"
unowned_workflow_step,S0455,WF00310,Academic Advising,10,Medium,Medium,handoff logged with no named owner,Handoff at Academic Advising has no assigned_owner -- nobody on record is accountable for it.,"interaction_id=SI00497, interaction_type=handoff, status=open"
unowned_workflow_step,S0216,WF00159,Counseling,10,Medium,Medium,handoff logged with no named owner,Handoff at Counseling has no assigned_owner -- nobody on record is accountable for it.,"interaction_id=SI00239, interaction_type=handoff, status=open"
unowned_workflow_step,S0121,WF00083,Financial Aid,10,Medium,Medium,referral logged with no named owner,Referral at Financial Aid has no assigned_owner -- nobody on record is accountable for it.,"interaction_id=SI00132, interaction_type=referral, status=open"
unowned_workflow_step,S0435,WF00298,Counseling,10,Medium,Medium,referral logged with no named owner,Referral at Counseling has no assigned_owner -- nobody on record is accountable for it.,"interaction_id=SI00475, interaction_type=referral, status=open"
unowned_workflow_step,S0222,WF00164,Counseling,10,Medium,Medium,check_in logged with no named owner,Check in at Counseling has no assigned_owner -- nobody on record is accountable for it.,"interaction_id=SI00247, interaction_type=check_in, status=open"
unowned_workflow_step,S0160,WF00110,Academic Advising,10,Medium,Medium,referral logged with no named owner,Referral at Academic Advising has no assigned_owner -- nobody on record is accountable for it.,"interaction_id=SI00167, interaction_type=referral, status=open"
unowned_workflow_step,S0035,WF00030,Residential Life,10,Medium,Medium,handoff logged with no named owner,Handoff at Residential Life has no assigned_owner -- nobody on record is accountable for it.,"interaction_id=SI00049, interaction_type=handoff, status=open"
incomplete_or_overdue_action_plan,S0002,AP0001,Residential Life,10,Medium,Medium,action plan marked incomplete,Action plan at Residential Life is marked incomplete (0% complete).,"plan_id=AP0001, completion_status=incomplete, completion_percentage=0"
incomplete_or_overdue_action_plan,S0251,AP0095,Residential Life,10,High,Medium,action plan overdue with no completion recorded,Action plan at Residential Life passed its target completion date with no actual_completion_date recorded.,"plan_id=AP0095, completion_status=partially_completed, completion_percentage=79"
incomplete_or_overdue_action_plan,S0395,AP0142,Academic Advising,10,High,Medium,action plan overdue with no completion recorded,Action plan at Academic Advising passed its target completion date with no actual_completion_date recorded.,"plan_id=AP0142, completion_status=incomplete, completion_percentage=3"
incomplete_or_overdue_action_plan,S0435,AP0155,Financial Aid,10,Medium,Medium,action plan marked incomplete,Action plan at Financial Aid is marked incomplete (26% complete).,"plan_id=AP0155, completion_status=incomplete, completion_percentage=26"
unowned_workflow_step,S0476,WF00317,Academic Advising,9,Medium,Medium,check_in logged with no named owner,Check in at Academic Advising has no assigned_owner -- nobody on record is accountable for it.,"interaction_id=SI00509, interaction_type=check_in, status=open"
unowned_workflow_step,S0435,WF00298,Counseling,8,Medium,Medium,referral logged with no named owner,Referral at Counseling has no assigned_owner -- nobody on record is accountable for it.,"interaction_id=SI00477, interaction_type=referral, status=open"
unowned_workflow_step,S0222,WF00164,Counseling,8,Medium,Medium,referral logged with no named owner,Referral at Counseling has no assigned_owner -- nobody on record is accountable for it.,"interaction_id=SI00248, interaction_type=referral, status=open"
unowned_workflow_step,S0198,WF00139,Dean of Students,8,Medium,Medium,referral logged with no named owner,Referral at Dean of Students has no assigned_owner -- nobody on record is accountable for it.,"interaction_id=SI00208, interaction_type=referral, status=open"
unowned_workflow_step,S0699,WF00482,Academic Advising,7,Medium,Medium,check_in logged with no named owner,Check in at Academic Advising has no assigned_owner -- nobody on record is accountable for it.,"interaction_id=SI00765, interaction_type=check_in, status=open"
incomplete_or_overdue_action_plan,S0230,AP0085,Residential Life,7,Medium,Medium,action plan marked incomplete,Action plan at Residential Life is marked incomplete (17% complete).,"plan_id=AP0085, completion_status=incomplete, completion_percentage=17"
unowned_workflow_step,S0591,WF00405,Financial Aid,6,Medium,Medium,check_in logged with no named owner,Check in at Financial Aid has no assigned_owner -- nobody on record is accountable for it.,"interaction_id=SI00654, interaction_type=check_in, status=open"
unowned_workflow_step,S0121,WF00083,Financial Aid,6,Medium,Medium,referral logged with no named owner,Referral at Financial Aid has no assigned_owner -- nobody on record is accountable for it.,"interaction_id=SI00133, interaction_type=referral, status=open"
unowned_workflow_step,S0574,WF00394,Academic Advising,6,Medium,Medium,handoff logged with no named owner,Handoff at Academic Advising has no assigned_owner -- nobody on record is accountable for it.,"interaction_id=SI00639, interaction_type=handoff, status=open"
incomplete_or_overdue_action_plan,S0136,AP0049,Residential Life,6,Medium,Medium,action plan marked incomplete,Action plan at Residential Life is marked incomplete (36% complete).,"plan_id=AP0049, completion_status=incomplete, completion_percentage=36"
unowned_workflow_step,S0574,WF00393,Counseling,5,Medium,Medium,handoff logged with no named owner,Handoff at Counseling has no assigned_owner -- nobody on record is accountable for it.,"interaction_id=SI00638, interaction_type=handoff, status=open"
incomplete_or_overdue_action_plan,S0020,AP0009,Dean of Students,5,Medium,Medium,action plan marked incomplete,Action plan at Dean of Students is marked incomplete (14% complete).,"plan_id=AP0009, completion_status=incomplete, completion_percentage=14"
incomplete_or_overdue_action_plan,S0567,AP0183,Financial Aid,5,Medium,Medium,action plan marked incomplete,Action plan at Financial Aid is marked incomplete (9% complete).,"plan_id=AP0183, completion_status=incomplete, completion_percentage=9"
unowned_workflow_step,S0444,WF00301,Academic Advising,4,Medium,Medium,referral logged with no named owner,Referral at Academic Advising has no assigned_owner -- nobody on record is accountable for it.,"interaction_id=SI00482, interaction_type=referral, status=open"
unowned_workflow_step,S0267,WF00195,Residential Life,4,Medium,Medium,referral logged with no named owner,Referral at Residential Life has no assigned_owner -- nobody on record is accountable for it.,"interaction_id=SI00302, interaction_type=referral, status=pending"
unowned_workflow_step,S0161,WF00112,Financial Aid,4,Medium,Medium,referral logged with no named owner,Referral at Financial Aid has no assigned_owner -- nobody on record is accountable for it.,"interaction_id=SI00169, interaction_type=referral, status=open"
unowned_workflow_step,S0334,WF00243,Dean of Students,4,Medium,Medium,referral logged with no named owner,Referral at Dean of Students has no assigned_owner -- nobody on record is accountable for it.,"interaction_id=SI00380, interaction_type=referral, status=open"
incomplete_or_overdue_action_plan,S0293,AP0108,Dean of Students,4,Medium,Medium,action plan marked incomplete,Action plan at Dean of Students is marked incomplete (13% complete).,"plan_id=AP0108, completion_status=incomplete, completion_percentage=13"
incomplete_or_overdue_action_plan,S0692,AP0232,Financial Aid,4,Medium,Medium,action plan marked incomplete,Action plan at Financial Aid is marked incomplete (43% complete).,"plan_id=AP0232, completion_status=incomplete, completion_percentage=43"
incomplete_or_overdue_action_plan,S0027,AP0013,Residential Life,3,Medium,Medium,action plan marked incomplete,Action plan at Residential Life is marked incomplete (14% complete).,"plan_id=AP0013, completion_status=incomplete, completion_percentage=14"
incomplete_or_overdue_action_plan,S0122,AP0043,Residential Life,3,Medium,Medium,action plan marked incomplete,Action plan at Residential Life is marked incomplete (33% complete).,"plan_id=AP0043, completion_status=incomplete, completion_percentage=33"
unowned_workflow_step,S0239,WF00177,Counseling,2,Medium,Medium,referral logged with no named owner,Referral at Counseling has no assigned_owner -- nobody on record is accountable for it.,"interaction_id=SI00268, interaction_type=referral, status=open"
unowned_workflow_step,S0238,WF00175,Financial Aid,-3,Medium,Medium,referral logged with no named owner,Referral at Financial Aid has no assigned_owner -- nobody on record is accountable for it.,"interaction_id=SI00265, interaction_type=referral, status=open"
stale_open_referral,S0181,WF00126,Counseling,27,Medium,Low,referral open past the configured threshold,"Referral opened 27 days ago at Counseling is still open, past the 21-day threshold.","interaction_id=SI00189, status=open, owner=ST002"
stale_open_referral,S0273,WF00198,Counseling,26,Medium,Low,referral open past the configured threshold,"Referral opened 26 days ago at Counseling is still open, past the 21-day threshold.","interaction_id=SI00307, status=open, owner=ST004"
incomplete_or_overdue_action_plan,S0239,AP0089,Counseling,26,Medium,Low,action plan marked incomplete,Action plan at Counseling is marked incomplete (23% complete).,"plan_id=AP0089, completion_status=incomplete, completion_percentage=23"
incomplete_or_overdue_action_plan,S0307,AP0112,Counseling,26,Medium,Low,action plan marked incomplete,Action plan at Counseling is marked incomplete (35% complete).,"plan_id=AP0112, completion_status=incomplete, completion_percentage=35"
stale_open_referral,S0385,WF00274,Academic Advising,24,Medium,Low,referral open past the configured threshold,"Referral opened 24 days ago at Academic Advising is still open, past the 21-day threshold.","interaction_id=SI00430, status=open, owner=ST006"
stale_open_referral,S0061,WF00047,Counseling,23,Medium,Low,referral open past the configured threshold,"Referral opened 23 days ago at Counseling is still open, past the 21-day threshold.","interaction_id=SI00074, status=open, owner=ST002"
stale_open_referral,S0067,WF00054,Counseling,23,Medium,Low,referral open past the configured threshold,"Referral opened 23 days ago at Counseling is still open, past the 21-day threshold.","interaction_id=SI00086, status=open, owner=ST001"
stale_open_referral,S0411,WF00285,Counseling,23,Medium,Low,referral open past the configured threshold,"Referral opened 23 days ago at Counseling is still open, past the 21-day threshold.","interaction_id=SI00451, status=open, owner=ST001"
no_later_follow_up,S0411,WF00285,Counseling,23,Medium,Low,referral with nothing recorded after it,Referral at Counseling 23 days ago has no later interaction of any kind recorded for this student since.,"interaction_id=SI00451, status=open"
incomplete_or_overdue_action_plan,S0225,AP0080,Academic Advising,20,Medium,Low,action plan marked incomplete,Action plan at Academic Advising is marked incomplete (10% complete).,"plan_id=AP0080, completion_status=incomplete, completion_percentage=10"
incomplete_or_overdue_action_plan,S0339,AP0124,Academic Advising,18,Medium,Low,action plan marked incomplete,Action plan at Academic Advising is marked incomplete (17% complete).,"plan_id=AP0124, completion_status=incomplete, completion_percentage=17"
incomplete_or_overdue_action_plan,S0221,AP0078,Counseling,12,Medium,Low,action plan marked incomplete,Action plan at Counseling is marked incomplete (5% complete).,"plan_id=AP0078, completion_status=incomplete, completion_percentage=5"
incomplete_or_overdue_action_plan,S0090,AP0030,Academic Advising,11,Medium,Low,action plan marked incomplete,Action plan at Academic Advising is marked incomplete (10% complete).,"plan_id=AP0030, completion_status=incomplete, completion_percentage=10"
incomplete_or_overdue_action_plan,S0684,AP0229,Academic Advising,10,Medium,Low,action plan marked incomplete,Action plan at Academic Advising is marked incomplete (30% complete).,"plan_id=AP0229, completion_status=incomplete, completion_percentage=30"
incomplete_or_overdue_action_plan,S0411,AP0145,Counseling,4,Medium,Low,action plan marked incomplete,Action plan at Counseling is marked incomplete (25% complete).,"plan_id=AP0145, completion_status=incomplete, completion_percentage=25"
