interaction_id,workflow_id,student_id,date_opened,date_closed,department,service_category,interaction_type,status,source_priority,assigned_owner,referral_source,referred_to_department
SI00734,WF00462,S0674,2026-03-03,2026-03-05,Residential Life,social,referral,closed ,low,,Academic Advising,Academic Advising
SI00436,WF00277,S0392,2026-03-01,2026-03-05,ResLife,academic,check_in,closed ,low,ST018,,
SI00454,WF00286,S0414,2026-03-26,2026-04-08,Acad. Advising,wellbeing,referral,closed ,low,ST010,Academic Advising,Counseling
SI00693,WF00435,S0632,2026-03-03,2026-03-10,Acad. Advising,wellbeing,check_in,closed,urgent,ST009,,
SI00556,WF00342,S0518,2026-02-23,2026-03-03,Residential Life,behavioral,referral,closed ,low,,faculty,
SI00291,WF00190,S0264,2026-03-01,,Dean of Students,financial,check_in,Open,low,ST015,,
SI00254,WF00168,S0225,2026-02-10,,Dean of Students,academic,referral,OPEN,low,,faculty,
SI00770,WF00484,S0700,2026-03-19,2026-04-07,Counseling Center,financial,check_in,closed ,low,ST002,,
SI00497,WF00310,S0455,2026-03-13,,academic advising,wellbeing,handoff,Open,urgent,,,
SI00050,WF00031,S0035,2026-02-24,2026-02-26,DOS,wellbeing,handoff,Closed,urgent,ST014,,
SI00007,WF00005,S0006,2026-03-02,2026-03-03,Counseling Center,financial,handoff,Closed,high,ST002,,
SI00485,WF00302,S0444,2026-03-14,,counseling,behavioral,referral,pending,low,ST001,Counseling,Dean of Students
SI00703,WF00441,S0640,2026-02-02,,Acad. Advising,financial,referral,Open,urgent,ST010,self,Residential Life
SI00511,WF00318,S0476,2026-03-02,,counseling,behavioral,handoff,Open,high,ST004,,
SI00648,WF00400,S0587,2026-03-12,,dean of students,behavioral,handoff,Open,urgent,ST014,,
SI00494,WF00308,S0451,2026-02-17,2026-02-23,ResLife,financial,handoff,closed ,high,ST016,,
SI00074,WF00047,S0061,2026-02-28,,counseling,wellbeing,referral,Open,high,ST002,Counseling,
SI00413,WF00264,S0365,2026-03-12,2026-03-21,Dean of Students,financial,referral,closed,high,ST015,Academic Advising,
SI00269,WF00178,S0239,2026-02-10,,financial aid,social,handoff,open,medium,,,
SI00200,WF00133,S0187,2026-03-11,2026-03-14,FinAid,academic,referral,closed,urgent,ST013,self,
SI00313,WF00203,S0276,2026-02-19,2026-03-02,residential life,financial,referral,closed ,high,ST018,faculty,Dean of Students
SI00567,WF00349,S0526,2026-02-27,2026-03-16,Financial Aid,wellbeing,referral,Closed,medium,ST013,Academic Advising,
SI00740,WF00465,S0676,2026-03-16,2026-03-21,Dean of Students,social,referral,closed,low,ST014,self,Residential Life
SI00416,WF00267,S0372,2026-02-20,2026-02-24,ResLife,academic,referral,Closed,low,ST018,Residential Life,Academic Advising
SI00146,WF00093,S0138,2026-03-18,2026-03-13,Counseling  ,behavioral,handoff,closed ,high,ST003,,
SI00231,WF00153,S0210,2026-02-11,2026-02-21,residential life,wellbeing,handoff,Closed,urgent,ST018,,
SI00311,WF00201,S0275,2026-03-14,2026-03-22,ResLife,wellbeing,check_in,Closed,medium,ST017,,
SI00222,WF00146,S0204,2026-03-25,2026-04-09,ResLife,behavioral,check_in,closed ,urgent,ST018,,
SI00716,WF00451,S0661,2026-03-02,2026-03-03,Acad. Advising,behavioral,referral,closed,low,ST006,self,
SI00569,WF00350,S0526,2026-02-24,2026-03-02,FinAid,social,handoff,Closed,medium,ST011,,
SI00341,WF00217,S0297,2026-03-03,,academic advising,financial,handoff,OPEN,low,ST009,,
SI00758,WF00478,S0692,2026-02-19,,residential life,behavioral,referral,OPEN,high,,Dean of Students,
SI00123,WF00077,S0108,2026-02-08,,Financial Aid,wellbeing,referral,pending,high,,Counseling,Residential Life
SI00686,WF00431,S0623,2026-02-13,2026-03-06,dean of students,behavioral,check_in,Closed,medium,ST015,,
SI00365,WF00234,S0322,2026-02-06,,counseling,social,referral,Open,medium,,Dean of Students,
SI00221,WF00146,S0204,2026-03-21,2026-04-07,ResLife,social,check_in,closed ,low,ST016,,
SI00775,WF00320,S0479,2026-02-20,,Residential Life,behavioral,check_in,Open,medium,ST018,,
SI00351,WF00224,S0308,2026-02-18,2026-02-24,financial aid,behavioral,referral,closed,low,ST011,Academic Advising,
SI00571,WF00352,S0527,2026-02-24,2026-03-01,ResLife,behavioral,handoff,closed,urgent,ST018,,
SI00047,WF00029,S0035,2026-03-20,2026-03-27,financial aid,financial,handoff,closed,high,,,
SI00597,WF00368,S0548,2026-03-02,,ResLife,financial,referral,Open,high,,self,
SI00478,WF00299,S0439,2026-02-06,2026-02-20,Counseling,social,handoff,closed ,urgent,ST004,,
SI00736,WF00463,S0674,2026-03-04,2026-03-12,Counseling  ,social,referral,closed,low,,Counseling,
SI00656,WF00407,S0591,2026-03-20,2026-03-24,academic advising,wellbeing,check_in,Closed,high,,,
SI00359,WF00230,S0316,2026-02-19,,Dean of Students,social,handoff,Pending,low,,,
SI00405,WF00260,S0362,2026-02-19,2026-03-03,Counseling,wellbeing,check_in,Closed,low,ST003,,
SI00507,WF00316,S0466,2026-02-26,2026-03-13,financial aid,wellbeing,check_in,closed,medium,ST012,,
SI00453,WF00286,S0414,2026-03-21,2026-03-28,Acad. Advising,financial,handoff,closed,urgent,ST007,,
SI00652,WF00403,S0589,2026-03-04,2026-03-17,DOS,financial,handoff,closed,medium,ST014,,
SI00263,WF00175,S0238,2026-03-20,,FinAid,wellbeing,referral,Open,urgent,ST013,self,Counseling
SI00565,WF00347,S0522,2026-02-25,2026-03-15,Acad. Advising,social,referral,Closed,urgent,ST006,Residential Life,
SI00489,WF00304,S0445,2026-03-08,2026-03-27,residential life,behavioral,referral,closed,medium,ST016,Residential Life,
SI00098,WF00064,S0087,2026-02-20,2026-03-09,Counseling  ,financial,referral,Closed,high,ST003,self,
SI00023,WF00014,S0020,2026-03-12,,financial aid,behavioral,check_in,open,high,ST011,,
SI00184,WF00122,S0178,2026-03-18,2026-03-23,Counseling Center,social,handoff,closed ,medium,ST001,,
SI00236,WF00157,S0215,2026-02-19,2026-03-01,ResLife,academic,handoff,closed ,low,ST016,,
SI00388,WF00247,S0338,2026-02-13,2026-02-24,Residential Life,behavioral,check_in,closed ,low,ST017,,
SI00083,WF00053,S0067,2026-03-07,,Counseling,financial,check_in,open,high,,,
SI00198,WF00132,S0186,2026-03-17,2026-03-25,ResLife,behavioral,handoff,closed ,high,,,
SI00526,WF00325,S0492,2026-03-12,2026-03-13,Counseling  ,social,check_in,Closed,urgent,ST003,,
SI00771,WF00076,S0108,2026-02-08,2026-02-18,ResLife,social,referral,closed ,urgent,,Residential Life,
SI00633,WF00390,S0570,2026-02-11,2026-02-13,ResLife,academic,check_in,closed,medium,ST017,,
SI00726,WF00457,S0671,2026-02-04,,Financial Aid,behavioral,check_in,Open,high,ST011,,
SI00381,WF00244,S0334,2026-02-27,,FinAid,social,check_in,OPEN,low,,,
SI00154,WF00100,S0145,2026-03-19,2026-04-07,Acad. Advising,social,check_in,closed,urgent,ST010,,
SI00080,WF00051,S0065,2026-03-06,2026-03-23,Residential Life,behavioral,handoff,closed,medium,ST016,,
SI00130,WF00082,S0121,2026-02-17,,Residential Life,social,handoff,Open,medium,,,
SI00438,WF00278,S0393,2026-02-22,2026-03-14,Acad. Advising,wellbeing,handoff,Closed,low,ST009,,
SI00654,WF00405,S0591,2026-03-17,,financial aid,financial,check_in,open,medium,,,
SI00540,WF00333,S0505,2026-03-11,2026-03-25,FinAid,social,handoff,Closed,medium,ST013,,
SI00245,WF00163,S0222,2026-02-20,2026-03-07,FinAid,social,check_in,Closed,medium,ST013,,
SI00147,WF00094,S0141,2026-02-03,2026-02-11,Counseling  ,academic,referral,closed,urgent,ST003,Counseling,
SI00360,WF00231,S0319,2026-03-02,2026-02-25,Financial Aid,behavioral,handoff,closed ,high,ST013,,
SI00590,WF00363,S0539,2026-02-05,,academic advising,wellbeing,check_in,open,low,,,
SI00041,WF00026,S0031,2026-02-25,2026-03-10,Financial Aid,behavioral,referral,closed,high,ST012,Counseling,
SI00306,WF00198,S0273,2026-02-20,,counseling,financial,referral,OPEN,medium,,Residential Life,
SI00482,WF00301,S0444,2026-03-19,,Acad. Advising,social,referral,open,high,,Academic Advising,
SI00338,WF00216,S0295,2026-02-17,2026-03-09,financial aid,behavioral,referral,closed,urgent,ST013,Counseling,
SI00289,WF00189,S0257,2026-02-28,2026-03-02,Acad. Advising,behavioral,handoff,closed ,medium,ST010,,
SI00242,WF00161,S0217,2026-03-02,2026-03-08,Academic Advising,academic,referral,Closed,high,,Residential Life,
SI00272,WF00180,S0246,2026-02-09,,Counseling,social,referral,Open,high,,Residential Life,Financial Aid
SI00163,WF00107,S0157,2026-03-10,,DOS,social,check_in,OPEN,urgent,,,
SI00264,WF00175,S0238,2026-03-22,,FinAid,wellbeing,referral,OPEN,low,ST013,Academic Advising,
SI00219,WF00145,S0202,2026-03-02,2026-03-19,Counseling,academic,handoff,closed,medium,ST002,,
SI00731,WF00460,S0673,2026-02-25,2026-03-16,Financial Aid,behavioral,handoff,closed ,high,ST013,,
SI00092,WF00059,S0081,2026-02-19,,FinAid,social,check_in,OPEN,urgent,,,
SI00342,WF00218,S0297,2026-02-06,,FinAid,academic,referral,Open,high,ST011,Residential Life,
SI00547,WF00336,S0512,2026-03-13,2026-03-24,residential life,social,referral,closed ,low,ST016,Financial Aid,Counseling
SI00396,WF00253,S0354,2026-03-10,2026-03-05,ResLife,academic,handoff,closed,medium,ST016,,
SI00065,WF00040,S0052,2026-03-09,,Academic Advising,academic,referral,Open,high,,Counseling,
SI00406,WF00261,S0362,2026-02-20,2026-03-04,counseling,social,referral,Closed,urgent,ST001,Academic Advising,
SI00101,WF00066,S0091,2026-02-16,2026-02-24,Counseling,wellbeing,handoff,closed ,low,ST001,,
SI00207,WF00139,S0198,2026-03-12,,Dean of Students,behavioral,referral,OPEN,medium,ST014,Counseling,Counseling
SI00767,WF00483,S0699,2026-02-06,2026-02-17,dean of students,wellbeing,handoff,closed ,urgent,,,
SI00707,WF00445,S0653,2026-02-24,2026-03-09,dean of students,academic,handoff,closed ,low,ST014,,
SI00330,WF00210,S0292,2026-02-05,2026-02-25,dean of students,behavioral,referral,Closed,urgent,ST014,Residential Life,
SI00682,WF00428,S0619,2026-02-07,2026-02-09,FinAid,social,check_in,closed ,medium,ST012,,
SI00139,WF00087,S0124,2026-03-02,2026-03-13,academic advising,financial,referral,closed ,low,ST006,Financial Aid,Dean of Students
SI00711,WF00448,S0657,2026-03-13,2026-03-27,Dean of Students,wellbeing,handoff,Closed,urgent,ST014,,
SI00542,WF00333,S0505,2026-03-17,2026-04-05,FinAid,academic,handoff,closed,medium,ST013,,
SI00441,WF00279,S0394,2026-03-16,2026-03-23,Residential Life,social,handoff,closed,medium,ST017,,
SI00595,WF00366,S0548,2026-03-08,,Dean of Students,academic,handoff,OPEN,urgent,ST014,,
SI00032,WF00020,S0027,2026-02-24,,Academic Advising,academic,check_in,Open,high,,,
SI00209,WF00139,S0198,2026-03-14,,Dean of Students,behavioral,check_in,pending,low,ST015,,
SI00661,WF00411,S0596,2026-03-04,2026-03-11,Dean of Students,academic,referral,closed,high,ST014,Financial Aid,Academic Advising
SI00452,WF00286,S0414,2026-03-18,2026-03-23,Acad. Advising,academic,referral,Closed,low,ST006,faculty,Financial Aid
SI00142,WF00089,S0130,2026-02-18,2026-02-26,FinAid,financial,referral,closed,low,ST012,Academic Advising,
SI00560,WF00344,S0520,2026-03-16,2026-03-21,Counseling Center,academic,referral,closed,low,ST004,faculty,
SI00605,WF00372,S0553,2026-02-28,2026-03-06,Financial Aid,behavioral,handoff,closed,high,ST013,,
SI00202,WF00134,S0189,2026-02-20,2026-03-03,DOS,social,handoff,closed ,low,ST014,,
SI00337,WF00215,S0294,2026-03-05,2026-03-07,Counseling Center,academic,referral,closed ,medium,ST003,Dean of Students,
SI00040,WF00025,S0028,2026-03-13,2026-03-25,Counseling,social,handoff,closed,low,,,
SI00137,WF00085,S0122,2026-03-06,,Counseling,behavioral,check_in,OPEN,high,,,
SI00746,WF00469,S0683,2026-02-24,2026-03-11,dean of students,financial,handoff,closed ,urgent,ST014,,
SI00705,WF00443,S0647,2026-03-13,2026-03-21,residential life,behavioral,referral,closed ,urgent,ST017,Academic Advising,
SI00378,WF00241,S0333,2026-03-20,2026-03-27,dean of students,financial,check_in,closed ,low,ST015,,
SI00362,WF00233,S0322,2026-02-06,,dean of students,behavioral,check_in,Open,high,ST014,,
SI00063,WF00038,S0047,2026-02-20,2026-03-10,residential life,behavioral,referral,closed,urgent,ST018,Financial Aid,Financial Aid
SI00744,WF00468,S0683,2026-02-10,2026-02-17,Residential Life,social,referral,closed ,low,ST017,faculty,
SI00107,WF00069,S0099,2026-02-24,2026-03-10,Counseling,behavioral,handoff,Closed,high,ST004,,
SI00402,WF00257,S0360,2026-02-21,,DOS,wellbeing,handoff,Open,urgent,ST014,,
SI00324,WF00208,S0285,2026-02-19,2026-03-02,counseling,wellbeing,referral,closed,medium,ST004,Dean of Students,Financial Aid
SI00249,WF00165,S0222,2026-02-18,,dean of students,behavioral,handoff,open,urgent,ST015,,
SI00720,WF00453,S0664,2026-02-25,,Academic Advising,social,handoff,Open,medium,ST006,,
SI00741,WF00466,S0676,2026-02-02,2026-02-15,financial aid,academic,referral,Closed,urgent,ST011,Dean of Students,
SI00444,WF00281,S0407,2026-02-06,2026-02-09,counseling,academic,handoff,closed,low,ST001,,
SI00117,WF00075,S0108,2026-02-17,2026-02-27,Dean of Students,wellbeing,handoff,Closed,medium,,,
SI00114,WF00072,S0104,2026-02-12,2026-02-17,ResLife,academic,handoff,closed ,high,ST018,,
SI00261,WF00173,S0230,2026-02-02,,Acad. Advising,wellbeing,handoff,OPEN,high,ST010,,
SI00531,WF00328,S0498,2026-02-26,,DOS,financial,referral,open,low,,Academic Advising,
SI00239,WF00159,S0216,2026-03-13,,Counseling Center,financial,handoff,Open,urgent,,,
SI00628,WF00386,S0567,2026-03-10,2026-03-21,Acad. Advising,social,check_in,closed,urgent,ST007,,
SI00185,WF00122,S0178,2026-03-22,2026-03-25,Counseling Center,academic,referral,closed ,medium,ST001,faculty,
SI00059,WF00035,S0041,2026-02-22,2026-02-26,counseling,financial,referral,closed,low,ST003,Academic Advising,Academic Advising
SI00252,WF00166,S0224,2026-03-18,2026-04-02,FinAid,academic,referral,closed ,urgent,ST011,self,Academic Advising
SI00697,WF00436,S0632,2026-02-21,2026-03-04,FinAid,social,referral,Closed,high,ST012,Residential Life,
SI00679,WF00426,S0617,2026-02-12,2026-03-01,FinAid,social,referral,closed ,high,,self,Counseling
SI00215,WF00143,S0201,2026-02-06,2026-02-11,counseling,social,handoff,Closed,high,ST002,,
SI00439,WF00278,S0393,2026-02-22,2026-02-23,Acad. Advising,wellbeing,check_in,closed ,urgent,ST007,,
SI00181,WF00120,S0174,2026-02-05,2026-02-22,ResLife,social,referral,Closed,high,,Counseling,
SI00623,WF00382,S0559,2026-03-09,2026-03-14,Dean of Students,social,handoff,closed,urgent,ST015,,
SI00732,WF00461,S0674,2026-02-19,2026-02-23,Financial Aid,behavioral,referral,closed ,high,,Academic Advising,Dean of Students
SI00036,WF00023,S0028,2026-03-17,2026-04-03,ResLife,social,referral,closed,urgent,,Financial Aid,Financial Aid
SI00352,WF00225,S0308,2026-03-06,2026-03-07,Acad. Advising,behavioral,referral,closed,high,ST005,Dean of Students,
SI00343,WF00218,S0297,2026-02-10,,FinAid,behavioral,check_in,open,low,,,
SI00610,WF00374,S0554,2026-02-13,2026-03-03,Counseling Center,wellbeing,handoff,closed,low,ST002,,
SI00745,WF00468,S0683,2026-02-14,2026-02-23,Residential Life,wellbeing,referral,closed ,high,ST017,faculty,Academic Advising
SI00760,WF00479,S0692,2026-03-02,,Financial Aid,financial,referral,Pending,urgent,ST013,Residential Life,
SI00302,WF00195,S0267,2026-03-19,,Residential Life,financial,referral,Pending,urgent,,faculty,
SI00776,WF00034,S0038,2026-03-14,2026-03-27,residential life,wellbeing,referral,closed ,urgent,ST017,Financial Aid,
SI00576,WF00355,S0528,2026-03-20,2026-03-29,Residential Life,behavioral,referral,closed,urgent,ST016,self,
SI00132,WF00083,S0121,2026-03-13,,FinAid,financial,referral,OPEN,urgent,,faculty,
SI00721,WF00454,S0664,2026-03-12,,Acad. Advising,financial,referral,open,low,ST010,faculty,
SI00307,WF00198,S0273,2026-02-25,,counseling,behavioral,referral,Open,medium,ST004,self,
SI00766,WF00482,S0699,2026-03-19,,Acad. Advising,social,referral,OPEN,urgent,ST006,Residential Life,Residential Life
SI00647,WF00399,S0587,2026-03-17,,residential life,financial,check_in,OPEN,high,ST018,,
SI00577,WF00355,S0528,2026-03-21,2026-03-24,Residential Life,academic,referral,closed,low,ST018,faculty,Dean of Students
SI00780,WF00414,S0598,2026-02-05,,Counseling  ,social,handoff,open,low,ST004,,
SI00022,WF00013,S0016,2026-02-16,2026-02-26,Acad. Advising,social,check_in,closed ,medium,ST005,,
SI00045,WF00027,S0032,2026-03-19,2026-03-25,financial aid,social,referral,closed,medium,ST013,Academic Advising,Counseling
SI00204,WF00136,S0190,2026-03-04,2026-03-15,dean of students,financial,check_in,closed,high,ST014,,
SI00358,WF00229,S0316,2026-02-22,,dean of students,financial,check_in,OPEN,low,ST015,,
SI00175,WF00117,S0169,2026-03-10,2026-03-24,Academic Advising,wellbeing,referral,closed,medium,ST007,self,
SI00066,WF00041,S0052,2026-02-24,,dean of students,wellbeing,check_in,open,urgent,ST015,,
SI00401,WF00257,S0360,2026-02-19,,DOS,academic,check_in,OPEN,urgent,,,
SI00450,WF00285,S0411,2026-02-26,,Counseling  ,financial,check_in,open,high,,,
SI00052,WF00032,S0036,2026-02-24,,FinAid,behavioral,check_in,OPEN,medium,,,
SI00273,WF00180,S0246,2026-02-13,,Counseling,social,referral,Open,high,,faculty,
SI00528,WF00326,S0494,2026-03-07,2026-03-26,FinAid,wellbeing,check_in,closed ,low,ST013,,
SI00091,WF00059,S0081,2026-02-16,,FinAid,social,check_in,open,medium,ST013,,
SI00034,WF00022,S0027,2026-02-27,2026-03-19,DOS,behavioral,referral,closed ,high,,Residential Life,Financial Aid
SI00638,WF00393,S0574,2026-03-18,,Counseling Center,financial,handoff,OPEN,medium,,,
SI00578,WF00356,S0531,2026-03-12,2026-03-20,counseling,financial,handoff,closed,low,ST002,,
SI00068,WF00042,S0052,2026-03-17,2026-04-05,academic advising,behavioral,handoff,closed ,low,,,
SI00400,WF00256,S0358,2026-02-11,2026-02-28,FinAid,behavioral,referral,closed ,low,ST012,Residential Life,
SI00620,WF00381,S0559,2026-02-16,2026-02-27,academic advising,financial,referral,closed,medium,ST005,self,Dean of Students
SI00379,WF00242,S0334,2026-02-02,,residential life,behavioral,handoff,pending,medium,,,
SI00708,WF00446,S0654,2026-02-25,2026-03-02,Acad. Advising,social,handoff,closed,high,ST005,,
SI00387,WF00247,S0338,2026-02-09,2026-02-25,Residential Life,academic,check_in,Closed,low,ST017,,
SI00287,WF00188,S0256,2026-02-19,,Dean of Students,wellbeing,referral,OPEN,medium,ST015,Dean of Students,Counseling
SI00421,WF00269,S0375,2026-03-22,2026-04-07,dean of students,social,check_in,closed ,medium,ST014,,
SI00722,WF00455,S0666,2026-03-20,2026-03-30,Counseling,behavioral,handoff,closed,high,ST001,,
SI00136,WF00084,S0122,2026-03-04,,dean of students,financial,handoff,Open,urgent,ST015,,
SI00201,WF00133,S0187,2026-03-12,2026-03-20,FinAid,wellbeing,referral,closed,low,ST011,Financial Aid,
SI00683,WF00428,S0619,2026-02-07,2026-02-19,FinAid,academic,check_in,closed ,urgent,ST012,,
SI00361,WF00232,S0320,2026-03-18,2026-03-21,Counseling,social,check_in,closed ,medium,ST002,,
SI00350,WF00223,S0306,2026-02-08,2026-02-23,financial aid,behavioral,handoff,closed ,low,ST011,,
SI00503,WF00314,S0465,2026-03-03,2026-03-09,Counseling  ,behavioral,check_in,closed ,high,ST003,,
SI00094,WF00060,S0081,2026-02-04,,Academic Advising,social,handoff,OPEN,low,ST007,,
SI00754,WF00475,S0689,2026-02-09,2026-02-13,Academic Advising,behavioral,handoff,closed ,low,ST005,,
SI00216,WF00143,S0201,2026-02-08,2026-02-11,counseling,social,referral,Closed,urgent,ST002,faculty,Financial Aid
SI00539,WF00332,S0505,2026-03-26,2026-03-31,Residential Life,financial,handoff,closed ,low,ST016,,
SI00475,WF00298,S0435,2026-03-13,,Counseling Center,social,referral,open,high,,Dean of Students,Academic Advising
SI00509,WF00317,S0476,2026-03-14,,Academic Advising,social,check_in,open,low,,,
SI00319,WF00205,S0278,2026-03-24,2026-03-27,Dean of Students,behavioral,referral,closed ,low,ST015,Dean of Students,
SI00003,WF00003,S9999,2026-02-06,2026-02-10,Financial Aid,financial,check_in,Closed,high,ST012,,
SI00300,WF00193,S0266,2026-02-25,2026-03-04,ResLife,behavioral,check_in,Closed,low,ST018,,
SI00276,WF00182,S0247,2026-02-10,2026-02-20,Academic Advising,wellbeing,handoff,Closed,low,ST009,,
SI00256,WF00170,S0226,2026-03-18,2026-04-06,counseling,academic,handoff,closed ,high,ST001,,
SI00384,WF00246,S0336,2026-03-11,2026-03-17,FinAid,academic,referral,Closed,medium,ST013,Academic Advising,
SI00241,WF00160,S0217,2026-03-03,2026-03-18,ResLife,academic,referral,closed ,medium,,self,
SI00626,WF00384,S0563,2026-02-27,,Acad. Advising,academic,check_in,open,medium,,,
SI00210,WF00140,S0199,2026-03-02,2026-03-10,Financial Aid,academic,handoff,closed,medium,ST012,,
SI00414,WF00265,S0366,2026-02-05,2026-02-18,Dean of Students,financial,check_in,closed,medium,ST014,,
SI00432,WF00275,S0385,2026-02-26,2026-03-02,DOS,wellbeing,referral,Closed,medium,,Financial Aid,
SI00678,WF00425,S0617,2026-02-02,,residential life,wellbeing,handoff,open,urgent,ST018,,
SI00724,WF00456,S0671,2026-02-28,,Dean of Students,academic,referral,Open,low,ST015,Academic Advising,
SI00171,WF00114,S0164,2026-02-24,2026-02-26,dean of students,social,referral,Closed,medium,ST015,Counseling,Financial Aid
SI00121,WF00076,S0108,2026-02-08,2026-02-18,ResLife,social,referral,closed ,urgent,,Residential Life,
SI00223,WF00147,S0204,2026-02-19,,Residential Life,financial,check_in,OPEN,low,ST018,,
SI00399,WF00255,S0358,2026-02-13,2026-03-03,FinAid,social,check_in,Closed,medium,ST012,,
SI00334,WF00214,S0293,2026-03-17,2026-03-23,Financial Aid,financial,handoff,closed,high,ST011,,
SI00657,WF00408,S0592,2026-03-18,2026-03-19,DOS,academic,referral,Closed,medium,ST015,self,
SI00048,WF00029,S0035,2026-03-23,2026-04-09,financial aid,wellbeing,referral,Closed,low,ST012,Academic Advising,Academic Advising
SI00340,WF00217,S0297,2026-02-26,,academic advising,academic,check_in,Open,high,ST008,,
SI00212,WF00141,S0199,2026-03-20,2026-04-07,Academic Advising,wellbeing,check_in,closed,medium,ST005,,
SI00602,WF00370,S0551,2026-02-08,2026-02-26,Academic Advising,academic,referral,closed ,high,ST005,Dean of Students,
SI00575,WF00354,S0528,2026-03-09,,dean of students,financial,referral,OPEN,medium,,faculty,Academic Advising
SI00011,WF00006,S0007,2026-02-24,2026-02-27,Counseling  ,social,check_in,closed,urgent,,,
SI00695,WF00436,S0632,2026-02-13,2026-02-16,FinAid,academic,handoff,Closed,low,ST011,,
SI00510,WF00317,S0476,2026-03-17,,Academic Advising,behavioral,check_in,Open,urgent,ST005,,
SI00024,WF00015,S0020,2026-02-13,,residential life,behavioral,handoff,open,medium,,,
SI00085,WF00054,S0067,2026-02-25,,counseling,financial,check_in,Open,urgent,,,
SI00111,WF00071,S0103,2026-03-08,2026-03-13,residential life,wellbeing,check_in,closed,low,ST018,,
SI00280,WF00183,S0251,2026-02-06,2026-02-16,ResLife,financial,referral,closed ,low,ST016,Academic Advising,Counseling
SI00158,WF00103,S0148,2026-03-11,,dean of students,behavioral,handoff,open,urgent,ST014,,
SI00301,WF00194,S0266,2026-03-12,,FinAid,financial,check_in,OPEN,low,,,
SI00376,WF00240,S0328,2026-02-27,2026-03-11,FinAid,wellbeing,referral,closed ,urgent,ST012,Residential Life,
SI00295,WF00192,S0264,2026-03-06,,academic advising,academic,referral,open,high,ST009,Dean of Students,
SI00002,WF00002,S0000,2026-03-20,,residential life,social,handoff,OPEN,low,ST017,,
SI00530,WF00327,S0498,2026-02-07,,Counseling,financial,handoff,open,medium,ST002,,
SI00051,WF00031,S0035,2026-02-27,2026-03-13,DOS,academic,check_in,closed ,high,ST014,,
SI00473,WF00297,S0435,2026-02-23,2026-03-03,Counseling,wellbeing,referral,closed,medium,,faculty,
SI00594,WF00366,S0548,2026-03-06,,Dean of Students,wellbeing,handoff,open,medium,,,
SI00357,WF00229,S0316,2026-02-19,,dean of students,financial,handoff,OPEN,urgent,ST014,,
SI00348,WF00222,S0303,2026-03-05,2026-03-08,Residential Life,financial,referral,closed ,urgent,ST017,Residential Life,Dean of Students
SI00017,WF00010,S0013,2026-02-06,2026-02-12,dean of students,social,referral,closed,urgent,ST014,Residential Life,
SI00769,WF00484,S0700,2026-03-20,2026-03-26,Counseling Center,social,handoff,closed,high,ST004,,
SI00278,WF00183,S0251,2026-02-04,2026-02-08,ResLife,academic,referral,closed,low,ST018,Residential Life,
SI00555,WF00341,S0517,2026-03-19,2026-04-02,academic advising,wellbeing,check_in,Closed,medium,ST010,,
SI00570,WF00351,S0527,2026-03-06,2026-03-26,Residential Life,social,referral,closed,urgent,ST017,Counseling,Counseling
SI00135,WF00084,S0122,2026-03-02,,dean of students,financial,referral,OPEN,high,ST014,Academic Advising,Academic Advising
SI00411,WF00264,S0365,2026-03-04,2026-03-22,Dean of Students,wellbeing,referral,Closed,low,,Dean of Students,
SI00642,WF00396,S0578,2026-02-04,2026-02-22,ResLife,financial,handoff,closed,low,ST016,,
SI00229,WF00152,S0208,2026-02-23,2026-03-01,Counseling,behavioral,referral,closed,low,ST002,faculty,
SI00186,WF00123,S0179,2026-02-04,2026-02-25,Residential Life,wellbeing,referral,closed ,high,ST018,faculty,Financial Aid
SI00688,WF00432,S0628,2026-02-05,2026-02-24,Financial Aid,financial,referral,Closed,medium,ST012,faculty,
SI00174,WF00116,S0167,2026-03-18,2026-04-08,Counseling,academic,referral,Closed,high,ST002,Dean of Students,
SI00550,WF00338,S0515,2026-03-17,2026-03-22,dean of students,behavioral,referral,closed,low,ST015,Financial Aid,
SI00004,WF00003,S0005,2026-02-07,2026-02-11,IT Helpdesk,behavioral,referral,closed,urgent,ST011,Dean of Students,
SI00714,WF00449,S0657,2026-03-01,2026-03-21,DOS,wellbeing,check_in,closed,medium,ST014,,
SI00582,WF00358,S0535,2026-02-20,2026-03-09,financial aid,behavioral,handoff,closed ,high,ST011,,
SI00458,WF00289,S0425,2026-02-28,2026-03-07,Acad. Advising,social,referral,closed,low,ST008,Residential Life,Financial Aid
SI00658,WF00409,S0593,2026-02-23,2026-02-24,financial aid,social,check_in,Closed,high,ST012,,
SI00499,WF00312,S0455,2026-02-03,,ResLife,academic,check_in,OPEN,low,ST017,,
SI00504,WF00315,S0466,2026-02-09,2026-02-23,financial aid,wellbeing,check_in,closed,urgent,ST013,,
SI00071,WF00045,S0059,2026-02-12,2026-02-28,Acad. Advising,financial,check_in,Closed,urgent,ST009,,
SI00253,WF00167,S0225,2026-03-11,,financial aid,academic,referral,open,high,ST011,Dean of Students,Dean of Students
SI00120,WF00076,S0108,2026-02-04,2026-02-09,ResLife,social,referral,closed ,low,ST018,Residential Life,
SI00377,WF00240,S0328,2026-03-01,2026-03-07,FinAid,academic,check_in,Closed,high,ST012,,
SI00525,WF00324,S0492,2026-02-23,2026-02-24,academic advising,academic,handoff,Closed,medium,ST009,,
SI00572,WF00352,S0527,2026-02-27,2026-03-15,ResLife,social,referral,Closed,high,ST017,Financial Aid,
SI00317,WF00205,S0278,2026-03-18,2026-04-04,Dean of Students,social,handoff,closed ,high,ST015,,
SI00702,WF00440,S0640,2026-02-19,,DOS,academic,referral,open,urgent,ST014,Residential Life,
SI00327,WF00209,S0289,2026-02-23,2026-02-24,Residential Life,wellbeing,referral,Closed,medium,ST016,Academic Advising,
SI00021,WF00012,S0016,2026-02-17,2026-03-07,FinAid,financial,referral,closed,low,ST012,Financial Aid,
SI00548,WF00337,S0513,2026-03-13,2026-03-20,counseling,academic,referral,Closed,urgent,ST003,Counseling,Residential Life
SI00617,WF00379,S0557,2026-02-02,,Academic Advising,wellbeing,referral,open,low,ST010,Dean of Students,
SI00583,WF00359,S0536,2026-03-20,2026-03-24,ResLife,wellbeing,referral,closed ,low,ST016,Academic Advising,
SI00637,WF00392,S0574,2026-03-13,,financial aid,financial,check_in,open,medium,ST012,,
SI00516,WF00320,S0479,2026-02-19,,Residential Life,financial,handoff,open,urgent,ST018,,
SI00634,WF00391,S0571,2026-02-16,2026-02-17,residential life,wellbeing,referral,closed ,urgent,ST016,Academic Advising,
SI00422,WF00270,S0376,2026-02-02,2026-02-04,Academic Advising,financial,referral,closed ,medium,ST008,Financial Aid,Financial Aid
SI00587,WF00361,S0537,2026-02-16,,Counseling Center,financial,check_in,open,low,,,
SI00183,WF00121,S0176,2026-02-13,2026-02-22,dean of students,wellbeing,handoff,closed ,low,ST014,,
SI00367,WF00235,S0325,2026-03-03,2026-03-07,academic advising,academic,referral,Closed,urgent,ST006,Academic Advising,
SI00508,WF00317,S0476,2026-03-13,,Academic Advising,wellbeing,referral,Open,low,ST005,Counseling,Financial Aid
SI00213,WF00141,S0199,2026-03-24,2026-04-05,Academic Advising,financial,handoff,closed ,urgent,ST006,,
SI00393,WF00251,S0352,2026-03-03,2026-03-05,Counseling  ,financial,referral,closed,medium,ST001,Academic Advising,
SI00029,WF00018,S0023,2026-02-12,2026-02-15,Academic Advising,academic,referral,Closed,medium,ST005,Dean of Students,
SI00339,WF00217,S0297,2026-02-23,,academic advising,wellbeing,handoff,Open,medium,ST007,,
SI00614,WF00376,S0555,2026-02-09,2026-02-15,Acad. Advising,academic,check_in,closed,medium,,,
SI00512,WF00318,S0476,2026-03-06,,counseling,social,referral,open,medium,ST004,Academic Advising,Residential Life
SI00749,WF00471,S0684,2026-02-20,,Financial Aid,behavioral,handoff,Open,low,ST011,,
SI00166,WF00109,S0160,2026-03-06,,Financial Aid,social,referral,Open,low,,Residential Life,
SI00589,WF00362,S0537,2026-02-28,,Financial Aid,social,check_in,OPEN,high,ST011,,
SI00015,WF00008,S0008,2026-02-14,2026-03-05,dean of students,academic,check_in,closed ,high,ST014,,
SI00332,WF00212,S0293,2026-03-05,,ResLife,financial,referral,OPEN,medium,ST018,Financial Aid,Counseling
SI00042,WF00026,S0031,2026-02-28,2026-03-06,Financial Aid,academic,referral,Closed,urgent,ST012,faculty,
SI00768,WF00484,S0700,2026-03-17,2026-03-18,Counseling Center,wellbeing,handoff,closed,low,ST003,,
SI00662,WF00412,S0597,2026-02-25,2026-03-05,ResLife,wellbeing,referral,closed ,low,ST018,Financial Aid,Dean of Students
SI00535,WF00330,S0502,2026-02-03,2026-02-16,Dean of Students,behavioral,check_in,closed ,high,ST014,,
SI00543,WF00334,S0506,2026-02-19,2026-02-25,academic advising,academic,check_in,closed ,urgent,ST006,,
SI00173,WF00115,S0166,2026-02-18,2026-03-06,residential life,wellbeing,check_in,closed ,high,ST016,,
SI00717,WF00451,S0661,2026-03-04,2026-03-19,Acad. Advising,wellbeing,referral,closed,low,ST010,faculty,Counseling
SI00206,WF00138,S0198,2026-03-11,2026-03-16,Counseling  ,financial,referral,closed,medium,ST004,Academic Advising,Academic Advising
SI00415,WF00266,S0371,2026-03-06,2026-03-22,Financial Aid,social,handoff,closed ,high,ST012,,
SI00666,WF00415,S0602,2026-02-02,2026-02-21,ResLife,academic,referral,closed,high,ST018,self,
SI00684,WF00429,S0619,2026-02-19,2026-03-09,academic advising,financial,handoff,closed ,low,ST006,,
SI00407,WF00261,S0362,2026-02-24,2026-02-27,counseling,wellbeing,handoff,Closed,low,ST004,,
SI00706,WF00444,S0650,2026-03-20,2026-04-08,DOS,academic,referral,Closed,high,ST015,self,Financial Aid
SI00527,WF00326,S0494,2026-03-03,2026-03-08,FinAid,social,handoff,closed,low,ST013,,
SI00612,WF00375,S0555,2026-02-19,,counseling,wellbeing,check_in,open,low,ST001,,
SI00211,WF00140,S0199,2026-03-05,2026-03-18,Financial Aid,wellbeing,referral,closed,low,ST013,Residential Life,
SI00274,WF00180,S0246,2026-02-11,,Counseling,wellbeing,referral,OPEN,low,ST003,faculty,
SI00665,WF00414,S0598,2026-02-05,,Counseling  ,social,handoff,open,low,ST004,,
SI00630,WF00388,S0568,2026-02-17,2026-03-07,Dean of Students,social,handoff,closed ,urgent,ST015,,
SI00188,WF00125,S0181,2026-02-24,2026-03-14,Financial Aid,behavioral,check_in,closed,high,ST013,,
SI00093,WF00059,S0081,2026-02-20,,FinAid,financial,referral,Open,low,ST013,Financial Aid,Residential Life
SI00382,WF00244,S0334,2026-02-28,,FinAid,financial,check_in,Open,low,ST012,,
SI00676,WF00423,S0613,2026-03-17,2026-04-07,DOS,academic,handoff,closed,low,ST014,,
SI00086,WF00054,S0067,2026-02-28,,counseling,financial,referral,Open,medium,ST001,Dean of Students,
SI00611,WF00374,S0554,2026-02-13,2026-02-21,Counseling Center,social,referral,closed ,high,ST001,faculty,
SI00266,WF00176,S0239,2026-02-09,,FinAid,behavioral,referral,open,medium,ST011,Financial Aid,
SI00145,WF00092,S0134,2026-03-16,2026-03-29,Academic Advising,behavioral,referral,Closed,medium,,faculty,
SI00046,WF00028,S0033,2026-02-09,2026-02-25,dean of students,social,referral,closed ,urgent,ST015,Academic Advising,
SI00018,WF00010,S0013,2026-02-10,2026-02-15,dean of students,social,referral,closed,urgent,ST015,Financial Aid,
SI00727,WF00457,S0671,2026-02-06,,Financial Aid,academic,handoff,OPEN,medium,ST011,,
SI00299,WF00193,S0266,2026-02-23,2026-03-06,ResLife,social,handoff,closed,low,ST017,,
SI00426,WF00273,S0383,2026-02-11,2026-03-03,ResLife,social,referral,closed,medium,ST016,Financial Aid,
SI00284,WF00186,S0256,2026-02-12,,Academic Advising,behavioral,handoff,Open,high,,,
SI00322,WF00207,S0282,2026-03-19,2026-03-22,DOS,behavioral,handoff,Closed,urgent,ST015,,
SI00723,WF00456,S0671,2026-02-24,,Dean of Students,financial,check_in,OPEN,medium,,,
SI00104,WF00068,S0096,2026-03-06,2026-03-24,dean of students,financial,referral,closed ,medium,ST015,Residential Life,Academic Advising
SI00178,WF00118,S0174,2026-03-11,,Counseling,financial,referral,OPEN,urgent,ST002,Financial Aid,Residential Life
SI00514,WF00319,S0479,2026-02-24,2026-03-11,financial aid,social,handoff,closed ,medium,,,
SI00140,WF00088,S0127,2026-03-16,2026-03-23,Acad. Advising,academic,handoff,closed,high,ST005,,
SI00143,WF00090,S0134,2026-03-20,,Financial Aid,behavioral,referral,Open,medium,ST012,Residential Life,
SI00596,WF00367,S0548,2026-02-17,,academic advising,behavioral,referral,Open,low,ST008,self,Dean of Students
SI00651,WF00402,S0589,2026-02-05,2026-02-08,Counseling  ,financial,handoff,Closed,low,ST003,,
SI00425,WF00272,S0382,2026-02-15,2026-02-24,academic advising,social,handoff,Closed,low,ST005,,
SI00581,WF00357,S0532,2026-02-23,2026-03-05,ResLife,behavioral,check_in,closed,low,ST017,,
SI00604,WF00372,S0553,2026-02-24,2026-03-14,Financial Aid,academic,referral,Closed,low,ST013,Academic Advising,
SI00739,WF00464,S0675,2026-02-02,2026-02-22,FinAid,academic,check_in,Closed,high,ST013,,
SI00491,WF00305,S0446,2026-02-04,,Residential Life,academic,check_in,OPEN,urgent,,,
SI00480,WF00301,S0444,2026-03-11,,Acad. Advising,financial,handoff,open,low,,,
SI00383,WF00245,S0336,2026-02-27,2026-03-13,Acad. Advising,wellbeing,referral,closed,medium,ST009,Financial Aid,Counseling
SI00133,WF00083,S0121,2026-03-17,,FinAid,behavioral,referral,OPEN,high,,Counseling,Counseling
SI00488,WF00304,S0445,2026-03-04,2026-03-14,residential life,financial,referral,Closed,medium,ST016,Financial Aid,
SI00557,WF00342,S0518,2026-02-26,2026-02-27,Residential Life,wellbeing,check_in,closed,low,,,
SI00169,WF00112,S0161,2026-03-19,,FinAid,social,referral,Open,urgent,,self,Residential Life
SI00408,WF00262,S0364,2026-02-27,2026-03-01,Counseling,wellbeing,check_in,closed ,medium,ST002,,
SI00635,WF00391,S0571,2026-02-20,2026-03-13,residential life,social,referral,Closed,urgent,ST016,Dean of Students,Financial Aid
SI00463,WF00292,S0428,2026-03-06,2026-03-24,Counseling  ,behavioral,referral,closed ,medium,ST004,Dean of Students,
SI00615,WF00377,S0555,2026-02-10,,ResLife,behavioral,referral,OPEN,medium,,self,Dean of Students
SI00366,WF00234,S0322,2026-02-10,,counseling,wellbeing,check_in,Open,urgent,ST001,,
SI00079,WF00050,S0063,2026-03-02,2026-03-08,Residential Life,financial,check_in,closed,low,ST017,,
SI00148,WF00095,S0141,2026-02-11,2026-02-28,financial aid,financial,handoff,closed,urgent,ST012,,
SI00585,WF00360,S0536,2026-03-21,2026-04-11,Academic Advising,wellbeing,check_in,closed,medium,ST010,,
SI00168,WF00111,S0160,2026-03-04,2026-03-18,Counseling,behavioral,check_in,Closed,medium,ST003,,
SI00112,WF00072,S0104,2026-02-10,2026-02-12,ResLife,financial,referral,closed,urgent,ST017,Financial Aid,
SI00035,WF00023,S0028,2026-03-16,2026-03-24,ResLife,academic,referral,closed,medium,,Academic Advising,Financial Aid
SI00424,WF00272,S0382,2026-02-12,2026-02-19,academic advising,academic,check_in,closed ,urgent,ST006,,
SI00225,WF00148,S0206,2026-02-24,2026-03-14,Residential Life,academic,referral,Closed,high,ST016,faculty,
SI00713,WF00449,S0657,2026-02-27,2026-03-09,DOS,behavioral,check_in,Closed,medium,ST014,,
SI00105,WF00069,S0099,2026-02-18,2026-03-03,Counseling,academic,handoff,closed,low,ST003,,
SI00689,WF00433,S0628,2026-03-19,2026-04-01,FinAid,behavioral,handoff,closed,urgent,ST013,,
SI00240,WF00160,S0217,2026-02-27,2026-03-07,ResLife,behavioral,check_in,Closed,medium,,,
SI00364,WF00233,S0322,2026-02-12,,dean of students,financial,handoff,Open,high,ST015,,
SI00271,WF00179,S0246,2026-02-17,,Academic Advising,wellbeing,check_in,pending,medium,,,
SI00028,WF00017,S0022,2026-02-17,2026-03-08,financial aid,academic,handoff,closed ,low,ST013,,
SI00161,WF00105,S0153,2026-03-13,2026-04-03,residential life,behavioral,referral,closed,high,ST017,Financial Aid,
SI00214,WF00142,S0200,2026-03-06,2026-03-22,FinAid,behavioral,referral,closed,high,ST012,Residential Life,
SI00618,WF00380,S9999,2026-03-10,2026-03-14,Counseling Center,social,referral,Closed,urgent,,Dean of Students,Residential Life
SI00234,WF00155,S0211,2026-02-02,2026-02-10,financial aid,behavioral,referral,Closed,medium,ST012,self,Residential Life
SI00283,WF00185,S0254,2026-02-10,2026-02-23,dean of students,wellbeing,referral,closed ,medium,ST014,Counseling,Residential Life
SI00016,WF00009,S0010,2026-02-25,2026-03-16,Residential Life,financial,check_in,Closed,low,ST017,,
SI00386,WF00246,S0336,2026-03-15,2026-04-05,FinAid,behavioral,check_in,closed ,urgent,ST012,,
SI00640,WF00394,S0574,2026-03-18,,academic advising,social,referral,OPEN,medium,ST010,faculty,
SI00757,WF00478,S0692,2026-02-18,,residential life,behavioral,check_in,OPEN,medium,ST016,,
SI00728,WF00458,S0671,2026-02-04,,Dean of Students,financial,check_in,open,low,ST014,,
SI00673,WF00421,S0610,2026-02-02,2026-02-06,Acad. Advising,social,referral,Closed,urgent,ST009,Financial Aid,Counseling
SI00622,WF00381,S0559,2026-02-18,2026-02-19,academic advising,academic,check_in,closed ,medium,ST005,,
SI00664,WF00413,S0598,2026-03-05,,counseling,social,handoff,Open,low,ST004,,
SI00625,WF00383,S0561,2026-02-13,2026-03-03,academic advising,financial,referral,closed,urgent,ST007,Dean of Students,Residential Life
SI00562,WF00345,S0521,2026-03-19,2026-03-22,DOS,wellbeing,referral,Closed,urgent,ST014,Residential Life,
SI00126,WF00079,S0116,2026-02-13,2026-02-17,Counseling,behavioral,check_in,Closed,medium,ST004,,
SI00632,WF00389,S0570,2026-03-10,2026-03-21,financial aid,social,check_in,closed,low,ST012,,
SI00197,WF00131,S0186,2026-03-16,2026-03-27,Financial Aid,behavioral,referral,closed ,high,,Dean of Students,
SI00619,WF00380,S0557,2026-03-12,2026-04-02,Counseling Center,behavioral,check_in,closed,low,ST002,,
SI00765,WF00482,S0699,2026-03-16,,Acad. Advising,wellbeing,check_in,Open,medium,,,
SI00588,WF00362,S0537,2026-02-24,,Financial Aid,financial,check_in,open,high,,,
SI00559,WF00343,S0518,2026-03-10,2026-03-30,Academic Advising,academic,referral,Closed,high,,Financial Aid,
SI00552,WF00339,S0515,2026-02-20,,Financial Aid,behavioral,referral,open,high,ST013,Residential Life,
SI00182,WF00121,S0176,2026-02-10,2026-03-02,dean of students,social,check_in,closed ,high,ST014,,
SI00669,WF00418,S0605,2026-02-24,2026-03-12,Academic Advising,social,check_in,closed ,low,ST010,,
SI00434,WF00276,S0385,2026-02-12,,Financial Aid,wellbeing,referral,OPEN,medium,,Counseling,Residential Life
SI00335,WF00214,S0293,2026-03-20,2026-03-25,Financial Aid,social,handoff,closed,low,,,
SI00131,WF00082,S0121,2026-02-19,,Residential Life,academic,check_in,Open,low,ST016,,
SI00078,WF00050,S0063,2026-03-02,2026-03-12,Residential Life,academic,handoff,closed ,medium,ST016,,
SI00303,WF00196,S0267,2026-03-04,,ResLife,behavioral,check_in,open,medium,ST016,,
SI00479,WF00300,S0444,2026-02-27,,dean of students,financial,check_in,pending,medium,ST014,,
SI00579,WF00357,S0532,2026-02-19,2026-03-10,ResLife,financial,handoff,closed ,medium,ST018,,
SI00344,WF00219,S0298,2026-02-19,2026-02-21,Financial Aid,behavioral,check_in,closed,low,ST012,,
SI00238,WF00158,S0216,2026-03-12,2026-03-29,FinAid,academic,handoff,closed,medium,,,
SI00088,WF00056,S0072,2026-02-23,2026-03-07,counseling,behavioral,check_in,closed,high,ST003,,
SI00096,WF00062,S0084,2026-02-26,2026-03-19,Dean of Students,social,referral,closed,low,ST014,Financial Aid,
SI00310,WF00201,S0275,2026-03-13,2026-03-31,ResLife,wellbeing,referral,Closed,medium,ST016,self,Dean of Students
SI00735,WF00462,S0674,2026-03-06,2026-03-25,Residential Life,behavioral,referral,Closed,urgent,,Dean of Students,
SI00418,WF00268,S0374,2026-02-16,2026-03-01,Dean of Students,social,referral,closed,low,ST014,Financial Aid,Financial Aid
SI00304,WF00197,S9999,2026-02-23,2026-03-11,Financial Aid,behavioral,referral,Closed,medium,ST011,faculty,Residential Life
SI00645,WF00398,S0583,2026-03-20,2026-03-23,Acad. Advising,social,handoff,closed ,high,ST009,,
SI00226,WF00149,S0206,2026-03-05,2026-03-09,residential life,financial,handoff,closed ,high,ST016,,
SI00460,WF00290,S0426,2026-02-23,2026-02-28,Financial Aid,academic,check_in,Closed,low,ST012,,
SI00081,WF00052,S0066,2026-02-17,2026-03-03,Residential Life,wellbeing,handoff,closed ,low,ST016,,
SI00267,WF00177,S0239,2026-03-20,,Counseling  ,financial,check_in,open,high,ST002,,
SI00449,WF00284,S0411,2026-02-11,2026-02-21,dean of students,academic,handoff,closed ,urgent,ST014,,
SI00141,WF00089,S0130,2026-02-16,2026-02-27,FinAid,behavioral,referral,Closed,low,ST011,Dean of Students,
SI00558,WF00343,S0518,2026-03-06,2026-03-22,Academic Advising,wellbeing,referral,closed ,high,ST008,Counseling,Dean of Students
SI00260,WF00172,S0230,2026-03-13,2026-03-16,Acad. Advising,social,check_in,closed ,high,,,
SI00170,WF00113,S0161,2026-03-05,2026-03-14,counseling,behavioral,referral,closed ,high,,Academic Advising,
SI00255,WF00169,S0225,2026-03-05,,DOS,wellbeing,handoff,Open,medium,,,
SI00067,WF00041,S0052,2026-02-25,,dean of students,wellbeing,handoff,OPEN,high,,,
SI00293,WF00191,S0264,2026-03-03,,DOS,behavioral,handoff,pending,low,ST015,,
SI00492,WF00306,S0446,2026-03-20,,Dean of Students,academic,referral,Open,low,ST015,Dean of Students,Financial Aid
SI00275,WF00181,S0246,2026-02-18,2026-02-25,residential life,social,referral,closed ,high,,Dean of Students,
SI00608,WF00373,S0554,2026-03-14,2026-03-16,FinAid,social,referral,closed,high,ST011,faculty,
SI00156,WF00101,S0148,2026-02-17,,Acad. Advising,social,handoff,open,urgent,ST010,,
SI00292,WF00190,S0264,2026-03-06,,Dean of Students,social,referral,open,high,,Financial Aid,
SI00544,WF00334,S0506,2026-02-20,2026-02-22,academic advising,social,check_in,closed ,urgent,ST010,,
SI00372,WF00238,S0327,2026-03-12,2026-03-29,Counseling,financial,referral,closed,low,ST001,Counseling,
SI00398,WF00254,S0357,2026-03-02,2026-03-05,counseling,financial,check_in,Closed,low,ST004,,
SI00224,WF00148,S0206,2026-02-23,2026-03-07,Residential Life,financial,handoff,Closed,low,ST016,,
SI00203,WF00135,S0190,2026-02-11,2026-02-22,Counseling,behavioral,check_in,Closed,urgent,ST004,,
SI00331,WF00211,S0292,2026-03-02,2026-03-11,Counseling,academic,handoff,closed ,medium,ST003,,
SI00430,WF00274,S0385,2026-02-27,,Acad. Advising,wellbeing,referral,OPEN,low,ST006,Dean of Students,
SI00774,WF00451,S0661,2026-03-04,2026-03-19,Acad. Advising,wellbeing,referral,closed,low,ST010,faculty,Counseling
SI00177,WF00117,S0169,2026-03-18,2026-03-19,Academic Advising,academic,referral,Closed,urgent,ST009,Counseling,Counseling
SI00138,WF00086,S0122,2026-02-04,,Counseling Center,academic,handoff,Open,low,,,
SI00764,WF00481,S0697,2026-02-27,2026-03-09,Residential Life,social,referral,closed ,low,ST018,Counseling,
SI00100,WF00065,S0089,2026-02-27,2026-03-09,Dean of Students,financial,handoff,closed ,low,ST014,,
SI00157,WF00102,S0148,2026-02-12,,residential life,financial,check_in,OPEN,medium,,,
SI00020,WF00011,S0013,2026-03-12,2026-03-15,academic advising,financial,referral,closed ,medium,ST008,faculty,Counseling
SI00470,WF00296,S0435,2026-02-20,2026-02-23,Residential Life,social,handoff,Closed,medium,,,
SI00653,WF00404,S0590,2026-02-19,2026-02-26,Financial Aid,social,handoff,closed ,medium,ST013,,
SI00033,WF00021,S0027,2026-03-12,,Academic Advising,wellbeing,handoff,Pending,urgent,ST010,,
SI00314,WF00203,S0276,2026-02-22,2026-03-06,residential life,financial,referral,closed,medium,ST018,Dean of Students,
SI00680,WF00427,S0618,2026-02-25,2026-03-05,Financial Aid,behavioral,handoff,closed,high,ST011,,
SI00500,WF00312,S0455,2026-02-05,,ResLife,social,check_in,open,low,,,
SI00152,WF00099,S0143,2026-03-05,,financial aid,wellbeing,referral,Open,medium,,Dean of Students,
SI00087,WF00055,S0069,2026-02-12,2026-02-22,dean of students,academic,check_in,closed,low,ST014,,
SI00461,WF00291,S0426,2026-02-09,2026-02-25,Acad. Advising,financial,referral,closed,medium,ST005,self,Counseling
SI00380,WF00243,S0334,2026-03-19,,Dean of Students,wellbeing,referral,open,low,,Dean of Students,Financial Aid
SI00082,WF00053,S0067,2026-03-03,,Counseling,social,referral,open,low,ST003,self,Dean of Students
SI00124,WF00078,S0109,2026-02-23,2026-02-27,Counseling,wellbeing,referral,closed ,low,ST004,Residential Life,
SI00621,WF00381,S0559,2026-02-19,2026-02-27,academic advising,academic,handoff,closed ,urgent,ST009,,
SI00690,WF00434,S0629,2026-02-20,2026-03-08,Academic Advising,financial,handoff,Closed,high,ST010,,
SI00095,WF00061,S0084,2026-03-03,2026-03-07,Dean of Students,financial,referral,Closed,high,ST015,self,Financial Aid
SI00363,WF00233,S0322,2026-02-10,,dean of students,academic,check_in,OPEN,urgent,ST014,,
SI00285,WF00187,S0256,2026-02-05,2026-02-07,dean of students,academic,handoff,Closed,high,ST015,,
SI00265,WF00175,S0238,2026-03-26,,FinAid,wellbeing,referral,OPEN,urgent,,self,Residential Life
SI00288,WF00189,S0257,2026-02-24,2026-03-17,Acad. Advising,financial,handoff,closed ,urgent,ST008,,
SI00748,WF00470,S0684,2026-02-11,,dean of students,social,check_in,Open,urgent,,,
SI00277,WF00182,S0247,2026-02-13,2026-03-06,Academic Advising,behavioral,handoff,Closed,urgent,ST009,,
SI00326,WF00208,S0285,2026-02-25,2026-03-15,counseling,wellbeing,handoff,closed,medium,ST001,,
SI00043,WF00027,S0032,2026-03-13,2026-03-25,financial aid,wellbeing,check_in,Closed,high,ST013,,
SI00039,WF00025,S0028,2026-03-09,2026-03-26,Counseling,wellbeing,referral,closed ,low,ST003,faculty,
SI00180,WF00119,S0174,2026-03-13,,Residential Life,social,referral,Open,urgent,ST016,Dean of Students,Academic Advising
SI00058,WF00035,S0041,2026-02-19,2026-02-24,counseling,social,referral,Closed,low,ST002,Financial Aid,Academic Advising
SI00518,WF00320,S0479,2026-02-25,,Residential Life,social,check_in,open,urgent,ST016,,
SI00698,WF00437,S0633,2026-02-04,2026-02-05,Counseling,academic,referral,Closed,urgent,ST004,Dean of Students,
SI00428,WF00273,S0383,2026-02-15,2026-03-05,ResLife,social,referral,Closed,high,ST016,Financial Aid,
SI00220,WF00146,S0204,2026-03-19,2026-03-24,ResLife,financial,referral,closed ,medium,,self,
SI00753,WF00475,S0689,2026-02-05,2026-02-24,Academic Advising,wellbeing,handoff,Closed,medium,ST010,,
SI00053,WF00033,S0036,2026-02-18,,Academic Advising,wellbeing,check_in,Open,medium,ST010,,
SI00692,WF00435,S0632,2026-02-27,2026-03-04,Acad. Advising,behavioral,handoff,Closed,urgent,ST009,,
SI00019,WF00011,S0013,2026-03-09,2026-03-13,academic advising,academic,handoff,closed ,low,ST009,,
SI00671,WF00420,S0609,2026-03-18,2026-04-06,DOS,academic,referral,Closed,medium,ST014,Academic Advising,
SI00573,WF00352,S0527,2026-02-26,2026-03-02,ResLife,academic,referral,closed,high,ST018,Counseling,Academic Advising
SI00639,WF00394,S0574,2026-03-17,,academic advising,academic,handoff,open,urgent,,,
SI00607,WF00373,S0554,2026-03-10,2026-03-18,FinAid,academic,check_in,closed,urgent,ST013,,
SI00109,WF00070,S0103,2026-03-04,,Financial Aid,wellbeing,referral,Open,medium,,self,Dean of Students
SI00718,WF00451,S0661,2026-03-08,2026-03-17,Acad. Advising,financial,referral,closed ,medium,ST009,Dean of Students,Counseling
SI00321,WF00206,S0281,2026-03-04,2026-03-11,financial aid,behavioral,handoff,closed ,urgent,ST013,,
SI00551,WF00339,S0515,2026-02-18,,Financial Aid,financial,referral,OPEN,high,ST011,faculty,
SI00282,WF00184,S0253,2026-03-06,2026-03-21,financial aid,behavioral,referral,Closed,high,ST011,self,Residential Life
SI00737,WF00463,S0674,2026-03-08,2026-03-22,Counseling  ,wellbeing,handoff,Closed,medium,ST004,,
SI00113,WF00072,S0104,2026-02-12,2026-02-27,ResLife,academic,check_in,closed,medium,ST016,,
SI00456,WF00288,S0424,2026-02-26,2026-03-13,Dean of Students,behavioral,check_in,closed ,high,ST015,,
SI00176,WF00117,S0169,2026-03-12,2026-03-30,Academic Advising,wellbeing,referral,closed,urgent,ST005,self,
SI00733,WF00461,S0674,2026-02-20,2026-02-25,Financial Aid,social,handoff,Closed,medium,,,
SI00624,WF00383,S0561,2026-02-09,2026-03-01,academic advising,financial,check_in,closed ,high,ST010,,
SI00164,WF00108,S0157,2026-03-05,,ResLife,social,referral,Open,low,,Residential Life,
SI00346,WF00220,S0299,2026-03-04,2026-03-03,financial aid,wellbeing,referral,Closed,medium,ST011,Dean of Students,
SI00227,WF00150,S0207,2026-03-03,2026-03-10,Financial Aid,academic,check_in,closed,low,ST013,,
SI00316,WF00204,S0277,2026-03-16,2026-03-24,Counseling Center,behavioral,referral,closed ,urgent,ST002,self,
SI00122,WF00077,S0108,2026-02-04,,Financial Aid,financial,referral,OPEN,low,ST012,Financial Aid,Dean of Students
SI00591,WF00364,S0539,2026-02-24,,ResLife,social,referral,pending,medium,,faculty,Financial Aid
SI00481,WF00301,S0444,2026-03-14,,Acad. Advising,wellbeing,referral,Open,low,ST005,faculty,Financial Aid
SI00119,WF00075,S0108,2026-02-25,2026-03-14,Dean of Students,academic,referral,closed ,high,ST014,Residential Life,Financial Aid
SI00710,WF00447,S0656,2026-03-16,2026-03-18,Residential Life,academic,handoff,Closed,urgent,ST017,,
SI00521,WF00321,S0480,2026-03-08,2026-03-25,DOS,academic,referral,closed ,medium,ST015,Residential Life,
SI00668,WF00417,S0604,2026-02-13,2026-02-23,ResLife,financial,referral,closed ,medium,ST016,faculty,
SI00490,WF00305,S0446,2026-02-02,,Residential Life,behavioral,check_in,open,medium,ST018,,
SI00779,WF00123,S0179,2026-02-04,2026-02-25,Residential Life,wellbeing,referral,closed ,high,ST018,faculty,Financial Aid
SI00584,WF00360,S0536,2026-03-19,2026-04-03,Academic Advising,social,check_in,closed ,urgent,ST007,,
SI00247,WF00164,S0222,2026-03-13,,Counseling  ,wellbeing,check_in,OPEN,urgent,,,
SI00089,WF00057,S0079,2026-03-10,2026-03-19,academic advising,behavioral,check_in,closed ,low,ST010,,
SI00472,WF00296,S0435,2026-02-26,2026-03-15,Residential Life,wellbeing,check_in,closed,high,ST017,,
SI00370,WF00236,S0326,2026-03-12,2026-03-29,Acad. Advising,academic,handoff,closed ,medium,ST009,,
SI00520,WF00321,S0480,2026-03-08,2026-03-14,DOS,wellbeing,referral,closed,medium,ST014,faculty,
SI00320,WF00206,S0281,2026-03-03,2026-03-22,financial aid,financial,handoff,Closed,medium,ST013,,
SI00447,WF00283,S0410,2026-02-12,2026-02-18,Financial Aid,wellbeing,handoff,closed,high,ST012,,
SI00125,WF00079,S0116,2026-02-11,2026-02-23,Counseling,behavioral,referral,closed ,high,ST003,Counseling,
SI00763,WF00480,S0695,2026-02-27,2026-03-17,ResLife,social,handoff,closed,urgent,ST017,,
SI00235,WF00156,S0211,2026-02-16,2026-02-18,Counseling Center,wellbeing,check_in,closed ,medium,ST003,,
SI00743,WF00467,S0677,2026-02-13,2026-02-27,Acad. Advising,social,referral,Closed,medium,ST007,faculty,
SI00419,WF00269,S0375,2026-03-18,2026-03-21,dean of students,wellbeing,handoff,closed,high,ST015,,
SI00537,WF00332,S0505,2026-03-18,2026-04-03,Residential Life,academic,handoff,closed ,urgent,ST016,,
SI00108,WF00070,S0103,2026-03-03,,Financial Aid,behavioral,handoff,open,low,ST013,,
SI00778,WF00005,S0006,2026-03-02,2026-03-03,Counseling Center,financial,handoff,Closed,high,ST002,,
SI00599,WF00369,S0551,2026-03-12,2026-03-26,Academic Advising,academic,check_in,Closed,medium,ST006,,
SI00070,WF00044,S0057,2026-02-25,2026-02-26,Residential Life,financial,referral,Closed,low,,Dean of Students,Financial Aid
SI00354,WF00226,S0309,2026-02-12,2026-03-03,dean of students,academic,referral,Closed,medium,ST014,Dean of Students,Financial Aid
SI00755,WF00476,S0691,2026-02-09,2026-03-02,ResLife,wellbeing,check_in,Closed,urgent,ST017,,
SI00397,WF00254,S0357,2026-02-26,2026-03-10,counseling,wellbeing,handoff,Closed,urgent,ST001,,
SI00730,WF00459,S0672,2026-02-14,2026-02-25,ResLife,wellbeing,check_in,closed ,medium,ST016,,
SI00251,WF00166,S0224,2026-03-18,2026-04-02,FinAid,social,referral,closed,low,ST011,Financial Aid,
SI00502,WF00313,S0462,2026-03-17,2026-03-25,residential life,academic,referral,Closed,low,ST017,faculty,
SI00445,WF00282,S0408,2026-02-20,2026-03-13,Counseling  ,behavioral,handoff,Closed,urgent,ST001,,
SI00044,WF00027,S0032,2026-03-15,2026-03-27,financial aid,social,referral,closed ,high,ST011,Academic Advising,Counseling
SI00538,WF00332,S0505,2026-03-19,2026-04-01,Residential Life,social,referral,Closed,urgent,ST018,Counseling,
SI00498,WF00311,S0455,2026-03-20,2026-04-01,academic advising,academic,referral,closed,low,,Academic Advising,
SI00644,WF00397,S0581,2026-02-20,2026-03-07,Academic Advising,financial,check_in,closed,low,ST008,,
SI00218,WF00144,S0202,2026-02-12,,counseling,wellbeing,handoff,open,low,ST003,,
SI00725,WF00456,S0671,2026-02-28,,Dean of Students,financial,referral,OPEN,medium,ST014,self,
SI00005,WF00004,S0006,2026-03-03,2026-03-16,IT Helpdesk,wellbeing,referral,closed,urgent,ST008,Academic Advising,Residential Life
SI00523,WF00322,S0488,2026-03-03,2026-03-22,residential life,academic,handoff,Closed,medium,ST016,,
SI00459,WF00289,S0425,2026-03-02,2026-03-11,Acad. Advising,financial,handoff,closed ,medium,ST005,,
SI00172,WF00114,S0164,2026-02-28,2026-03-12,dean of students,behavioral,referral,closed,high,ST014,Residential Life,
SI00031,WF00019,S0025,2026-02-09,2026-02-12,Counseling,social,handoff,Closed,medium,ST002,,
SI00545,WF00335,S0510,2026-02-12,2026-02-21,Counseling,behavioral,check_in,Closed,urgent,ST002,,
SI00151,WF00098,S0143,2026-03-11,,Counseling Center,wellbeing,check_in,Open,low,,,
SI00574,WF00353,S0528,2026-02-25,,Financial Aid,wellbeing,referral,Open,low,,Academic Advising,
SI00598,WF00368,S0548,2026-03-04,,ResLife,financial,check_in,open,high,ST016,,
SI00440,WF00279,S0394,2026-03-13,2026-03-17,Residential Life,financial,referral,closed ,urgent,ST017,Counseling,
SI00228,WF00151,S0208,2026-03-16,2026-03-29,FinAid,financial,referral,Closed,urgent,ST013,Financial Aid,
SI00155,WF00101,S0148,2026-02-13,,Acad. Advising,financial,handoff,OPEN,high,ST010,,
SI00549,WF00338,S0515,2026-03-16,2026-04-03,dean of students,academic,handoff,closed ,medium,,,
SI00568,WF00349,S0526,2026-02-28,2026-03-05,Financial Aid,academic,referral,closed ,high,ST011,Financial Aid,
SI00054,WF00033,S0036,2026-02-21,,Academic Advising,social,referral,open,medium,,Residential Life,
SI00431,WF00274,S0385,2026-02-26,,Acad. Advising,financial,check_in,Open,high,,,
SI00270,WF00178,S0239,2026-02-14,,financial aid,social,handoff,Open,urgent,ST012,,
SI00127,WF00079,S0116,2026-02-19,2026-03-08,Counseling,financial,handoff,closed,high,ST004,,
SI00696,WF00436,S0632,2026-02-14,2026-02-22,FinAid,financial,referral,Closed,urgent,ST013,Financial Aid,Academic Advising
SI00075,WF00048,S0061,2026-03-16,,Residential Life,wellbeing,handoff,OPEN,urgent,ST017,,
SI00286,WF00187,S0256,2026-02-07,2026-02-09,dean of students,financial,referral,Closed,low,ST014,Dean of Students,
SI00554,WF00340,S0515,2026-02-12,,ResLife,social,referral,Open,urgent,ST017,faculty,
SI00659,WF00409,S0593,2026-02-25,2026-03-03,financial aid,financial,referral,Closed,high,ST013,Residential Life,Counseling
SI00496,WF00310,S0455,2026-03-12,,academic advising,wellbeing,handoff,open,high,ST007,,
SI00474,WF00297,S0435,2026-02-25,2026-03-06,Counseling,financial,handoff,Closed,urgent,ST001,,
SI00681,WF00428,S0619,2026-02-05,2026-02-17,FinAid,behavioral,referral,closed ,urgent,ST012,Academic Advising,Academic Advising
SI00601,WF00370,S0551,2026-02-08,2026-03-01,Academic Advising,social,check_in,closed,medium,ST007,,
SI00417,WF00267,S0372,2026-02-24,2026-03-16,ResLife,wellbeing,referral,Closed,urgent,ST017,Dean of Students,Counseling
SI00297,WF00192,S0264,2026-03-08,,academic advising,academic,referral,OPEN,high,,Residential Life,
SI00060,WF00036,S0044,2026-02-04,2026-02-11,academic advising,wellbeing,handoff,Closed,high,ST008,,
SI00501,WF00312,S0455,2026-02-07,,ResLife,social,referral,OPEN,urgent,,self,
SI00403,WF00258,S0360,2026-03-05,,ResLife,behavioral,referral,Open,urgent,,Residential Life,
SI00719,WF00452,S0664,2026-02-16,2026-02-24,ResLife,academic,handoff,closed,low,ST016,,
SI00038,WF00024,S0028,2026-03-10,,FinAid,social,handoff,OPEN,low,,,
SI00522,WF00322,S0488,2026-02-27,2026-03-05,residential life,behavioral,handoff,Closed,medium,ST017,,
SI00243,WF00162,S0218,2026-03-06,2026-03-15,FinAid,behavioral,referral,Closed,medium,ST011,Financial Aid,
SI00190,WF00127,S0181,2026-02-26,2026-02-28,Counseling  ,wellbeing,handoff,closed ,high,ST004,,
SI00390,WF00249,S0343,2026-02-16,2026-03-04,Residential Life,behavioral,check_in,closed,medium,ST016,,
SI00672,WF00420,S0609,2026-03-20,2026-03-21,DOS,wellbeing,handoff,Closed,urgent,ST014,,
SI00603,WF00371,S0552,2026-03-06,2026-03-26,Dean of Students,academic,handoff,Closed,low,ST015,,
SI00118,WF00075,S0108,2026-02-18,2026-03-03,Dean of Students,financial,referral,closed,medium,ST014,Counseling,
SI00262,WF00174,S0238,2026-03-09,,dean of students,academic,referral,open,low,ST015,self,
SI00517,WF00320,S0479,2026-02-20,,Residential Life,behavioral,check_in,Open,medium,ST018,,
SI00116,WF00074,S0107,2026-02-24,2026-03-13,Counseling,behavioral,referral,closed ,low,ST002,Academic Advising,
SI00747,WF00470,S0684,2026-02-09,,dean of students,financial,check_in,OPEN,urgent,,,
SI00505,WF00316,S0466,2026-02-20,2026-03-04,financial aid,behavioral,referral,Closed,high,ST011,self,
SI00655,WF00406,S0591,2026-02-20,,Acad. Advising,behavioral,referral,open,medium,ST006,Dean of Students,Financial Aid
SI00667,WF00416,S0604,2026-02-16,2026-03-04,residential life,academic,check_in,closed,low,ST018,,
SI00477,WF00298,S0435,2026-03-15,,Counseling Center,behavioral,referral,OPEN,urgent,,Academic Advising,Residential Life
SI00167,WF00110,S0160,2026-03-13,,Acad. Advising,wellbeing,referral,OPEN,low,,Counseling,
SI00469,WF00295,S0433,2026-02-11,2026-02-12,Dean of Students,wellbeing,referral,closed ,low,ST015,self,
SI00373,WF00239,S0328,2026-03-11,2026-03-17,counseling,academic,check_in,closed,medium,ST004,,
SI00446,WF00282,S0408,2026-02-24,2026-02-28,Counseling  ,wellbeing,handoff,closed,low,ST001,,
SI00349,WF00223,S0306,2026-02-06,2026-02-13,financial aid,wellbeing,handoff,closed ,medium,ST011,,
SI00629,WF00387,S0568,2026-02-05,2026-02-09,Acad. Advising,financial,check_in,closed ,low,ST009,,
SI00244,WF00163,S0222,2026-02-16,2026-03-08,FinAid,social,referral,closed,urgent,ST013,Residential Life,Residential Life
SI00097,WF00063,S0087,2026-02-18,2026-03-11,dean of students,wellbeing,check_in,Closed,low,ST015,,
SI00561,WF00344,S0520,2026-03-18,2026-03-19,Counseling Center,behavioral,referral,closed,urgent,ST001,Academic Advising,Financial Aid
SI00084,WF00053,S0067,2026-03-07,,Counseling,social,referral,OPEN,low,,Financial Aid,
SI00712,WF00449,S0657,2026-02-25,2026-03-13,DOS,academic,referral,closed ,urgent,,faculty,Academic Advising
SI00217,WF00143,S0201,2026-02-08,2026-02-15,counseling,wellbeing,referral,closed ,low,ST002,Counseling,Academic Advising
SI00248,WF00164,S0222,2026-03-15,,Counseling  ,behavioral,referral,open,high,,Financial Aid,
SI00435,WF00277,S0392,2026-02-26,2026-02-27,ResLife,social,referral,Closed,urgent,ST017,faculty,Dean of Students
SI00129,WF00081,S0120,2026-03-02,2026-03-15,Financial Aid,behavioral,check_in,closed ,low,ST013,,
SI00699,WF00438,S0634,2026-02-13,2026-02-17,dean of students,behavioral,handoff,closed,urgent,ST015,,
SI00515,WF00319,S0479,2026-02-27,2026-03-08,financial aid,wellbeing,handoff,Closed,medium,ST012,,
SI00442,WF00280,S0407,2026-02-20,,Residential Life,social,check_in,Open,medium,,,
SI00208,WF00139,S0198,2026-03-15,,Dean of Students,academic,referral,Open,high,,faculty,Residential Life
SI00409,WF00263,S0365,2026-03-09,,Dean of Students,social,referral,open,high,,Dean of Students,
SI00069,WF00043,S0057,2026-03-19,2026-03-23,ResLife,academic,check_in,closed ,urgent,,,
SI00012,WF00006,S0007,2026-02-22,2026-03-12,Counseling  ,behavioral,check_in,closed ,urgent,,,
SI00205,WF00137,S0197,2026-02-06,2026-02-22,Academic Advising,behavioral,referral,closed,medium,ST008,Dean of Students,Residential Life
SI00709,WF00446,S0654,2026-03-01,2026-03-02,Acad. Advising,wellbeing,check_in,closed ,urgent,ST006,,
SI00524,WF00323,S0491,2026-03-05,2026-03-10,Counseling Center,financial,handoff,Closed,medium,ST001,,
SI00781,WF00144,S0202,2026-02-12,,counseling,wellbeing,handoff,open,low,ST003,,
SI00513,WF00318,S0476,2026-03-10,,counseling,behavioral,handoff,pending,high,,,
SI00312,WF00202,S0276,2026-02-26,2026-03-05,financial aid,academic,handoff,closed ,medium,ST011,,
SI00660,WF00410,S0593,2026-03-17,2026-03-18,Counseling  ,wellbeing,referral,closed,low,ST004,faculty,Financial Aid
SI00506,WF00316,S0466,2026-02-23,2026-02-26,financial aid,behavioral,handoff,closed,urgent,ST013,,
SI00759,WF00478,S0692,2026-02-22,,residential life,behavioral,handoff,OPEN,medium,ST016,,
SI00704,WF00442,S0641,2026-03-20,2026-03-25,ResLife,social,referral,Closed,low,ST017,faculty,Financial Aid
SI00010,WF00006,S0000,2026-02-20,2026-03-02,Counseling  ,academic,referral,closed,urgent,ST001,Residential Life,
SI00729,WF00459,S0672,2026-02-12,2026-02-27,ResLife,academic,check_in,closed,high,ST017,,
SI00467,WF00295,S0433,2026-02-09,2026-02-11,Dean of Students,wellbeing,handoff,Closed,urgent,ST014,,
SI00076,WF00049,S0061,2026-03-03,,Academic Advising,wellbeing,handoff,OPEN,urgent,,,
SI00165,WF00109,S0160,2026-03-03,,Financial Aid,financial,check_in,OPEN,high,ST013,,
SI00149,WF00096,S0142,2026-02-09,2026-02-28,Financial Aid,wellbeing,handoff,closed,urgent,ST013,,
SI00345,WF00220,S0299,2026-03-02,2026-03-23,financial aid,behavioral,referral,Closed,medium,ST011,Dean of Students,
SI00643,WF00397,S0581,2026-02-18,2026-03-09,Academic Advising,social,handoff,closed ,medium,ST010,,
SI00592,WF00364,S0539,2026-02-26,,ResLife,social,referral,Open,urgent,ST018,Residential Life,Counseling
SI00471,WF00296,S0435,2026-02-24,2026-03-07,Residential Life,academic,handoff,closed,high,,,
SI00057,WF00034,S0038,2026-03-14,2026-03-27,residential life,wellbeing,referral,closed ,urgent,ST017,Financial Aid,
SI00323,WF00207,S0282,2026-03-22,2026-03-26,DOS,behavioral,check_in,closed ,medium,ST015,,
SI00466,WF00294,S0433,2026-03-20,2026-04-06,residential life,wellbeing,referral,closed,medium,ST016,Academic Advising,Financial Aid
SI00027,WF00017,S0022,2026-02-14,2026-02-20,financial aid,wellbeing,handoff,Closed,low,ST012,,
SI00037,WF00024,S0028,2026-03-09,,FinAid,financial,handoff,Open,medium,,,
SI00412,WF00264,S0365,2026-03-08,2026-03-11,Dean of Students,social,handoff,Closed,medium,ST015,,
SI00606,WF00373,S0554,2026-03-06,2026-03-09,FinAid,social,referral,closed ,high,ST011,Dean of Students,Counseling
SI00631,WF00388,S0568,2026-02-21,2026-03-13,Dean of Students,wellbeing,referral,closed ,urgent,ST014,Financial Aid,
SI00389,WF00248,S0340,2026-02-03,2026-02-09,Counseling  ,financial,handoff,closed ,low,ST004,,
SI00192,WF00128,S0182,2026-02-23,2026-03-11,academic advising,social,check_in,Closed,low,ST009,,
SI00536,WF00331,S0504,2026-02-12,2026-03-02,Financial Aid,financial,check_in,Closed,low,ST012,,
SI00325,WF00208,S0285,2026-02-20,2026-02-26,counseling,social,referral,closed ,high,ST004,Counseling,Dean of Students
SI00294,WF00191,S0264,2026-03-06,,DOS,behavioral,referral,OPEN,urgent,,faculty,Academic Advising
SI00062,WF00037,S0045,2026-02-25,2026-03-01,financial aid,financial,handoff,Closed,low,ST012,,
SI00751,WF00473,S0685,2026-03-05,2026-03-22,Counseling Center,academic,check_in,closed,high,ST002,,
SI00468,WF00295,S0433,2026-02-11,2026-03-01,Dean of Students,behavioral,check_in,Closed,urgent,ST014,,
SI00246,WF00163,S0222,2026-02-24,2026-03-12,FinAid,social,handoff,closed,medium,ST013,,
SI00298,WF00193,S0266,2026-02-19,2026-02-28,ResLife,wellbeing,referral,closed ,medium,ST016,Financial Aid,
SI00073,WF00047,S0061,2026-02-27,,counseling,financial,referral,open,urgent,,Financial Aid,Academic Advising
SI00541,WF00333,S0505,2026-03-12,2026-03-31,FinAid,behavioral,referral,closed,high,ST011,faculty,Counseling
SI00529,WF00327,S0498,2026-02-03,,Counseling,wellbeing,handoff,OPEN,urgent,ST002,,
SI00193,WF00128,S0182,2026-02-22,2026-02-27,academic advising,academic,handoff,closed ,high,ST010,,
SI00061,WF00037,S0045,2026-02-24,2026-03-06,financial aid,social,referral,closed ,low,ST012,Dean of Students,Residential Life
SI00546,WF00335,S0510,2026-02-16,2026-02-25,Counseling,wellbeing,referral,Closed,low,ST004,faculty,Residential Life
SI00128,WF00080,S0120,2026-03-02,2026-03-12,financial aid,academic,handoff,closed,low,ST013,,
SI00465,WF00294,S0433,2026-03-16,2026-03-25,residential life,financial,handoff,Closed,urgent,ST016,,
SI00691,WF00434,S0629,2026-02-21,2026-03-13,Academic Advising,academic,referral,closed ,high,ST005,self,
SI00189,WF00126,S0181,2026-02-24,,Counseling Center,financial,referral,OPEN,low,ST002,Counseling,
SI00179,WF00118,S0174,2026-03-12,,Counseling,academic,referral,open,high,,self,
SI00391,WF00250,S0348,2026-02-11,2026-02-25,Counseling,financial,check_in,closed ,low,ST001,,
SI00356,WF00228,S0314,2026-03-06,2026-03-15,ResLife,behavioral,referral,Closed,medium,ST016,faculty,
SI00030,WF00018,S0023,2026-02-14,2026-02-16,Academic Advising,wellbeing,handoff,closed,low,ST008,,
SI00777,WF00121,S0176,2026-02-10,2026-03-02,dean of students,social,check_in,closed ,high,ST014,,
SI00368,WF00236,S0326,2026-03-10,2026-03-24,Acad. Advising,academic,handoff,closed,high,ST008,,
SI00392,WF00250,S0348,2026-02-13,2026-02-28,Counseling,behavioral,referral,closed,high,ST003,self,Residential Life
SI00487,WF00303,S0445,2026-03-08,2026-03-20,ResLife,social,check_in,Closed,medium,ST016,,
SI00258,WF00171,S0229,2026-02-16,2026-03-07,Residential Life,wellbeing,handoff,closed,medium,ST016,,
SI00564,WF00346,S0522,2026-02-02,2026-02-13,Residential Life,financial,referral,closed ,high,ST018,Counseling,Academic Advising
SI00055,WF00033,S0036,2026-02-20,,Academic Advising,social,referral,Open,low,,Academic Advising,
SI00281,WF00184,S0253,2026-03-04,2026-03-19,financial aid,social,referral,Closed,urgent,ST012,Residential Life,
SI00756,WF00477,S0692,2026-03-20,2026-03-26,Counseling  ,social,referral,closed ,urgent,ST002,faculty,
SI00090,WF00058,S0081,2026-02-27,2026-03-07,Counseling  ,academic,handoff,Closed,high,ST002,,
SI00687,WF00431,S0623,2026-02-16,2026-03-03,dean of students,academic,referral,closed ,medium,ST014,Dean of Students,Counseling
SI00025,WF00016,S0020,2026-02-04,,Unknown Dept,academic,referral,OPEN,medium,,faculty,
SI00385,WF00246,S0336,2026-03-14,2026-04-04,FinAid,academic,handoff,closed ,low,ST012,,
SI00586,WF00360,S0536,2026-03-21,2026-03-26,Academic Advising,social,referral,Closed,urgent,ST005,Counseling,
SI00353,WF00225,S0308,2026-03-08,2026-03-09,Acad. Advising,behavioral,handoff,closed,high,ST007,,
SI00196,WF00130,S0185,2026-02-04,2026-02-08,Dean of Students,wellbeing,referral,closed,urgent,ST015,Academic Advising,
SI00375,WF00240,S0328,2026-02-23,2026-02-27,FinAid,behavioral,referral,Closed,high,ST012,Dean of Students,
SI00613,WF00375,S0555,2026-02-21,,counseling,financial,handoff,Open,low,,,
SI00600,WF00370,S0551,2026-02-04,2026-02-06,Academic Advising,social,handoff,closed,urgent,ST009,,
SI00395,WF00252,S0354,2026-03-14,2026-03-28,Counseling  ,social,referral,closed,high,ST004,Academic Advising,
SI00437,WF00278,S0393,2026-02-20,2026-03-03,Acad. Advising,financial,handoff,closed,medium,ST009,,
SI00663,WF00412,S0597,2026-02-27,2026-03-13,ResLife,behavioral,referral,Closed,urgent,ST018,Academic Advising,
SI00476,WF00298,S0435,2026-03-14,,Counseling Center,academic,referral,OPEN,urgent,ST001,Dean of Students,Academic Advising
SI00308,WF00199,S0273,2026-03-09,,academic advising,behavioral,check_in,open,urgent,,,
SI00532,WF00329,S0498,2026-03-12,,Dean of Students,academic,referral,OPEN,medium,ST015,Residential Life,
SI00650,WF00401,S0587,2026-03-06,2026-03-17,Counseling Center,wellbeing,referral,closed,urgent,ST001,Residential Life,Financial Aid
SI00102,WF00066,S0091,2026-02-20,2026-02-24,Counseling,social,check_in,Closed,urgent,ST001,,
SI00014,WF00008,S0008,2026-02-10,2026-02-11,dean of students,financial,handoff,closed,low,ST014,,
SI00006,WF00004,S0006,2026-03-04,2026-03-06,Unknown Dept,behavioral,check_in,closed,urgent,ST009,,
SI00685,WF00430,S0621,2026-03-20,2026-03-29,academic advising,financial,referral,Closed,urgent,ST006,Counseling,Counseling
SI00259,WF00172,S0230,2026-03-10,2026-03-14,Acad. Advising,wellbeing,check_in,closed ,low,,,
SI00670,WF00419,S0605,2026-02-10,2026-02-22,financial aid,financial,check_in,Closed,high,ST013,,
SI00457,WF00289,S0425,2026-02-26,2026-03-16,Acad. Advising,financial,referral,Closed,urgent,ST010,Financial Aid,
SI00394,WF00252,S0354,2026-03-12,2026-03-28,Counseling  ,behavioral,handoff,closed ,urgent,ST004,,
SI00677,WF00424,S0614,2026-02-12,2026-02-13,financial aid,wellbeing,handoff,Closed,medium,ST012,,
SI00646,WF00398,S0583,2026-03-21,2026-04-06,Acad. Advising,academic,referral,Closed,low,ST007,Academic Advising,
SI00404,WF00259,S0360,2026-02-02,2026-02-09,Dean of Students,behavioral,referral,Closed,high,,Financial Aid,
SI00455,WF00287,S0417,2026-02-05,2026-02-22,Residential Life,behavioral,referral,Closed,high,ST016,faculty,
SI00675,WF00422,S0613,2026-02-19,2026-02-20,Academic Advising,social,check_in,closed ,low,ST007,,
SI00026,WF00017,S0022,2026-02-11,2026-02-23,financial aid,financial,check_in,closed ,medium,ST013,,
SI00250,WF00166,S0224,2026-03-16,2026-04-01,FinAid,social,handoff,Closed,medium,ST011,,
SI00772,WF00335,S0510,2026-02-12,2026-02-21,Counseling,behavioral,check_in,Closed,urgent,ST002,,
SI00464,WF00293,S0429,2026-02-16,2026-02-25,dean of students,academic,check_in,Closed,high,ST014,,
SI00144,WF00091,S0134,2026-02-17,,Dean of Students,wellbeing,referral,Open,low,,Residential Life,
SI00195,WF00129,S0185,2026-03-15,2026-03-28,FinAid,behavioral,check_in,closed ,medium,ST012,,
SI00451,WF00285,S0411,2026-02-28,,Counseling  ,behavioral,referral,Open,medium,ST001,faculty,Academic Advising
SI00674,WF00421,S0610,2026-02-06,2026-02-17,Acad. Advising,behavioral,handoff,Closed,urgent,ST006,,
SI00077,WF00050,S0063,2026-02-26,2026-03-11,Residential Life,behavioral,check_in,closed ,urgent,ST017,,
SI00750,WF00472,S0685,2026-02-20,2026-03-11,financial aid,social,handoff,closed,urgent,ST013,,
SI00279,WF00183,S0251,2026-02-08,2026-02-20,ResLife,behavioral,check_in,Closed,medium,ST017,,
SI00309,WF00200,S0273,2026-02-24,2026-03-16,academic advising,financial,handoff,Closed,medium,,,
SI00553,WF00339,S0515,2026-02-20,,Financial Aid,financial,check_in,OPEN,high,,,
SI00110,WF00071,S0103,2026-03-06,2026-03-10,residential life,wellbeing,referral,closed ,urgent,ST017,faculty,Counseling
SI00493,WF00307,S0449,2026-02-12,2026-03-04,Counseling  ,behavioral,referral,closed ,low,ST003,Financial Aid,
SI00423,WF00271,S0381,2026-02-13,2026-02-23,academic advising,social,referral,closed,medium,ST006,faculty,Residential Life
SI00290,WF00190,S0264,2026-02-26,,Dean of Students,wellbeing,handoff,open,medium,ST014,,
SI00694,WF00435,S0632,2026-03-07,2026-03-20,Acad. Advising,academic,check_in,closed,medium,ST010,,
SI00233,WF00154,S0210,2026-03-02,2026-03-17,academic advising,academic,handoff,Closed,urgent,ST007,,
SI00191,WF00128,S0182,2026-02-20,2026-03-03,academic advising,academic,referral,closed ,urgent,ST007,self,Dean of Students
SI00593,WF00365,S0544,2026-02-26,2026-03-05,Acad. Advising,behavioral,handoff,closed,urgent,ST010,,
SI00153,WF00100,S0145,2026-03-17,2026-03-22,Acad. Advising,social,check_in,Closed,high,ST007,,
SI00134,WF00083,S0121,2026-03-21,,FinAid,behavioral,handoff,Open,urgent,ST012,,
SI00448,WF00284,S0411,2026-02-10,2026-02-12,dean of students,financial,check_in,Closed,medium,,,
SI00580,WF00357,S0532,2026-02-23,2026-03-01,ResLife,financial,handoff,Closed,high,ST017,,
SI00649,WF00401,S0587,2026-03-02,2026-03-17,Counseling Center,academic,referral,Closed,medium,ST004,Academic Advising,Academic Advising
SI00742,WF00466,S0676,2026-02-05,2026-02-16,financial aid,wellbeing,referral,closed,medium,ST013,Financial Aid,
SI00484,WF00302,S0444,2026-03-13,,counseling,wellbeing,check_in,open,medium,ST002,,
SI00462,WF00291,S0426,2026-02-11,2026-02-21,Acad. Advising,wellbeing,referral,closed ,urgent,ST009,Residential Life,Dean of Students
SI00099,WF00065,S0089,2026-02-25,2026-03-11,Dean of Students,wellbeing,referral,closed,medium,ST014,Dean of Students,
SI00162,WF00106,S0154,2026-03-20,2026-03-21,academic advising,behavioral,check_in,Closed,low,ST005,,
SI00701,WF00439,S0640,2026-02-18,,Academic Advising,financial,referral,open,urgent,,Residential Life,
SI00374,WF00239,S0328,2026-03-15,2026-03-22,counseling,social,handoff,closed,low,ST004,,
SI00761,WF00480,S0695,2026-02-25,2026-03-13,ResLife,financial,handoff,closed,high,ST018,,
SI00616,WF00378,S0557,2026-03-12,,academic advising,financial,handoff,OPEN,low,,,
SI00009,WF00005,S0006,2026-03-06,2026-03-17,Counseling Center,wellbeing,referral,Closed,medium,ST004,Residential Life,
SI00641,WF00395,S0576,2026-03-11,2026-03-16,financial aid,social,handoff,closed,high,ST012,,
SI00268,WF00177,S0239,2026-03-21,,Counseling  ,academic,referral,open,low,,Dean of Students,
SI00329,WF00209,S0289,2026-02-25,2026-03-16,Residential Life,academic,referral,Closed,high,ST018,Residential Life,
SI00103,WF00067,S0096,2026-02-04,2026-02-23,Counseling  ,behavioral,check_in,closed ,high,ST001,,
SI00519,WF00321,S0480,2026-03-04,2026-03-10,DOS,behavioral,referral,closed ,medium,ST014,Counseling,Academic Advising
SI00433,WF00275,S0385,2026-02-28,2026-03-21,DOS,academic,referral,closed,medium,,Counseling,Financial Aid
SI00336,WF00214,S0293,2026-03-21,2026-04-07,Financial Aid,behavioral,referral,Closed,low,ST013,Financial Aid,
SI00410,WF00263,S0365,2026-03-11,,Dean of Students,financial,handoff,Open,high,,,
SI00001,WF00001,S9999,2026-03-09,,financial aid,social,check_in,Open,high,,,
SI00443,WF00281,S0407,2026-02-04,2026-02-12,counseling,behavioral,referral,closed,medium,,Counseling,
SI00232,WF00153,S0210,2026-02-14,2026-02-15,residential life,wellbeing,check_in,closed ,low,ST018,,
SI00369,WF00236,S0326,2026-03-12,2026-03-17,Acad. Advising,wellbeing,referral,Closed,medium,ST005,Counseling,
SI00008,WF00005,S0000,2026-03-05,2026-03-14,Counseling Center,wellbeing,referral,Closed,high,ST004,self,Academic Advising
SI00296,WF00192,S0264,2026-03-07,,academic advising,academic,check_in,open,medium,ST005,,
SI00355,WF00227,S0310,2026-02-04,2026-02-06,DOS,wellbeing,referral,closed,high,ST014,faculty,Financial Aid
SI00257,WF00170,S0226,2026-03-21,2026-03-23,Unknown Dept,financial,handoff,Closed,low,ST002,,
SI00700,WF00439,S0640,2026-02-16,,Academic Advising,wellbeing,referral,Open,low,,faculty,
SI00187,WF00124,S0179,2026-03-16,2026-03-17,dean of students,social,referral,closed,medium,ST015,self,
SI00199,WF00132,S0186,2026-03-19,2026-04-06,ResLife,financial,referral,closed ,low,,faculty,Counseling
SI00429,WF00274,S0385,2026-02-24,,Acad. Advising,wellbeing,handoff,open,urgent,,,
SI00371,WF00237,S0326,2026-03-10,2026-03-14,Academic Advising,academic,referral,closed,high,ST005,Dean of Students,
SI00315,WF00204,S0277,2026-03-12,2026-03-29,Counseling Center,academic,handoff,closed ,low,ST001,,
SI00566,WF00348,S0525,2026-02-04,2026-02-08,FinAid,wellbeing,referral,Closed,low,ST012,Counseling,
SI00347,WF00221,S0302,2026-02-03,2026-02-12,Dean of Students,wellbeing,referral,closed,low,ST015,Dean of Students,Academic Advising
SI00715,WF00450,S0661,2026-03-13,2026-03-21,academic advising,behavioral,check_in,Closed,medium,ST008,,
SI00427,WF00273,S0383,2026-02-13,2026-02-21,ResLife,social,referral,closed ,medium,ST017,Residential Life,
SI00106,WF00069,S0099,2026-02-22,2026-03-12,Counseling,financial,handoff,Closed,low,ST003,,
SI00049,WF00030,S0035,2026-03-13,,Residential Life,academic,handoff,OPEN,high,,,
SI00533,WF00329,S0498,2026-03-13,,Dean of Students,behavioral,handoff,Open,medium,ST014,,
SI00194,WF00129,S0185,2026-03-12,2026-03-20,FinAid,wellbeing,referral,Closed,medium,ST012,Dean of Students,
SI00495,WF00309,S0452,2026-03-20,2026-04-03,Acad. Advising,academic,referral,closed,low,ST005,Counseling,
SI00150,WF00097,S0143,2026-02-13,2026-02-21,dean of students,academic,handoff,Closed,medium,ST015,,
SI00483,WF00302,S0444,2026-03-10,,counseling,social,referral,OPEN,medium,,Financial Aid,
SI00328,WF00209,S0289,2026-02-27,2026-03-04,Residential Life,financial,check_in,closed,low,ST018,,
SI00420,WF00269,S0375,2026-03-22,2026-03-25,dean of students,financial,handoff,Closed,medium,ST015,,
SI00056,WF00034,S0038,2026-03-11,2026-03-13,residential life,social,referral,closed,high,ST017,Residential Life,
SI00534,WF00330,S0502,2026-02-02,2026-02-15,Dean of Students,social,check_in,closed,high,ST014,,
SI00636,WF00391,S0571,2026-02-24,2026-03-11,residential life,behavioral,referral,closed,high,ST016,Academic Advising,
SI00013,WF00007,S0007,2026-02-19,2026-03-03,counseling,social,check_in,Closed,low,ST001,,
SI00230,WF00153,S0210,2026-02-10,2026-02-20,residential life,financial,referral,closed ,urgent,ST017,Counseling,
SI00486,WF00303,S0445,2026-03-06,2026-03-12,ResLife,financial,referral,closed ,medium,ST018,Counseling,Academic Advising
SI00609,WF00374,S0554,2026-02-09,2026-02-14,Counseling Center,academic,referral,Closed,high,ST001,self,Dean of Students
SI00773,WF00217,S0297,2026-02-26,,academic advising,academic,check_in,Open,high,ST008,,
SI00752,WF00474,S0686,2026-03-03,2026-03-16,academic advising,wellbeing,referral,Closed,low,ST008,Academic Advising,
SI00333,WF00213,S0293,2026-02-25,,residential life,social,referral,Open,medium,ST016,Financial Aid,
SI00237,WF00157,S0215,2026-02-20,2026-03-09,ResLife,academic,handoff,Closed,low,ST016,,
SI00762,WF00480,S0695,2026-03-01,2026-03-20,ResLife,behavioral,check_in,closed ,low,ST016,,
SI00305,WF00198,S0273,2026-02-19,,counseling,academic,check_in,open,urgent,ST001,,
SI00738,WF00463,S0674,2026-03-08,2026-03-18,Counseling  ,financial,check_in,closed ,high,,,
SI00563,WF00345,S0521,2026-03-23,2026-04-09,DOS,financial,referral,Closed,medium,ST014,Financial Aid,
SI00115,WF00073,S0105,2026-02-17,2026-03-08,dean of students,wellbeing,handoff,closed,urgent,ST015,,
SI00064,WF00039,S0048,2026-03-16,2026-03-18,financial aid,academic,referral,closed,high,ST013,Financial Aid,Counseling
SI00159,WF00104,S0151,2026-03-16,2026-03-17,financial aid,wellbeing,referral,closed ,high,ST011,Counseling,
SI00627,WF00385,S0563,2026-02-09,,academic advising,wellbeing,referral,OPEN,low,,Counseling,Dean of Students
SI00318,WF00205,S0278,2026-03-20,2026-04-06,Dean of Students,behavioral,handoff,closed,medium,ST014,,
SI00160,WF00105,S0153,2026-03-10,2026-03-27,residential life,academic,check_in,closed ,medium,ST017,,
SI00072,WF00046,S0060,2026-03-20,2026-03-26,Financial Aid,financial,referral,closed,medium,ST012,Financial Aid,
